Date;Marzahn-Hellersdorf;Mitte;Neukoelln;Tempelhof-Schoeneberg;Friedrichshain-Kreuzberg;Pankow;Reinickendorf;Charlottenburg-Wilmersdorf;Spandau;Lichtenberg;Steglitz-Zehlendorf;Treptow-Koepenick
2020-03-03;1;3;1;1;0;0;0;0;0;0;0;0
2020-03-04;0;0;0;0;2;1;0;0;0;0;0;0
2020-03-05;0;4;0;0;2;2;2;0;0;0;0;0
2020-03-06;0;1;0;1;0;1;0;2;0;0;0;0
2020-03-07;0;0;0;0;0;0;0;1;0;0;0;0
2020-03-08;0;1;0;0;1;0;0;7;2;0;0;0
2020-03-09;1;0;2;3;3;2;1;1;3;3;2;0
2020-03-10;1;2;1;4;4;3;0;6;2;2;4;4
2020-03-11;0;9;4;1;2;6;2;9;1;1;6;0
2020-03-12;1;7;7;5;0;4;4;10;0;0;6;3
2020-03-13;0;7;3;7;10;9;2;12;1;1;4;3
2020-03-14;4;7;1;2;5;0;1;2;1;0;6;0
2020-03-15;2;8;2;1;2;0;0;6;2;0;3;0
2020-03-16;1;4;2;6;6;14;7;7;0;6;6;4
2020-03-17;6;20;6;11;4;8;3;13;0;6;6;9
2020-03-18;3;23;11;25;19;10;10;16;3;7;10;8
2020-03-19;4;25;25;15;20;17;11;26;5;7;13;13
2020-03-20;5;17;18;16;16;16;23;14;8;10;11;15
2020-03-21;8;25;13;15;21;15;0;7;7;0;15;1
2020-03-22;2;29;3;2;9;7;0;11;0;0;3;2
2020-03-23;2;20;15;13;9;9;30;24;9;10;6;12
2020-03-24;4;24;23;30;19;22;10;23;6;14;8;15
2020-03-25;4;26;30;30;46;18;14;37;9;5;8;17
2020-03-26;13;52;27;27;19;38;13;44;10;11;19;13
2020-03-27;7;46;25;23;20;32;8;17;6;6;6;11
2020-03-28;11;26;40;13;14;11;3;21;14;0;40;7
2020-03-29;2;16;1;9;4;11;14;6;5;0;12;6
2020-03-30;4;15;11;21;13;13;16;39;3;19;8;8
2020-03-31;8;45;16;24;11;19;17;24;3;11;27;8
2020-04-01;8;19;35;16;22;13;7;26;9;4;24;6
2020-04-02;7;36;32;19;24;21;17;32;10;11;19;9
2020-04-03;8;10;36;31;17;37;19;16;22;8;18;16
2020-04-04;8;18;12;22;5;10;7;5;9;0;11;1
2020-04-05;3;5;0;10;2;8;25;5;2;11;4;3
2020-04-06;7;35;23;9;4;11;12;19;4;0;12;6
2020-04-07;10;32;14;18;9;18;13;42;14;3;17;13
2020-04-08;9;14;19;19;5;19;30;20;9;7;16;11
2020-04-09;8;28;21;18;14;28;13;13;3;8;13;11
2020-04-10;3;24;9;10;6;4;4;7;1;3;9;3
2020-04-11;4;33;4;2;4;8;5;3;3;2;15;3
2020-04-12;5;9;0;6;3;7;11;7;0;2;4;0
2020-04-13;6;14;5;2;2;5;10;5;0;0;8;2
2020-04-14;2;12;11;6;3;7;9;7;4;1;5;7
2020-04-15;10;16;9;17;7;6;19;14;5;4;5;1
2020-04-16;6;12;13;8;4;12;3;14;8;10;3;1
2020-04-17;9;17;11;8;4;31;6;8;9;2;10;3
2020-04-18;6;4;10;9;5;12;6;4;7;2;3;12
2020-04-19;4;5;0;3;4;4;2;5;1;0;3;1
2020-04-20;6;5;12;6;2;4;2;2;3;2;0;1
2020-04-21;15;4;15;1;5;9;5;9;1;4;3;4
2020-04-22;10;10;10;12;9;6;4;7;4;1;6;2
2020-04-23;12;7;13;11;5;8;5;13;1;1;4;8
2020-04-24;9;4;13;7;4;15;4;5;1;5;1;5
2020-04-25;3;9;6;0;2;1;4;4;1;18;1;3
2020-04-26;8;2;0;1;0;1;0;4;0;0;1;5
2020-04-27;0;16;13;2;1;3;1;5;3;3;5;4
2020-04-28;8;7;6;13;2;5;5;4;4;13;7;1
2020-04-29;6;12;11;6;3;2;7;4;2;4;4;6
2020-04-30;6;5;11;3;3;12;1;1;3;5;1;6
2020-05-01;2;4;1;6;1;0;4;3;0;0;2;2
2020-05-02;4;3;5;0;1;9;1;2;0;3;2;1
2020-05-03;9;0;0;8;0;2;1;3;4;1;3;0
2020-05-04;6;7;2;6;4;4;4;3;0;5;8;2
2020-05-05;4;11;4;4;5;6;3;4;3;5;2;2
2020-05-06;4;8;7;9;7;5;5;4;4;3;1;0
2020-05-07;2;4;7;5;3;7;2;4;5;1;9;10
2020-05-08;0;0;0;3;0;0;0;0;1;0;0;0
2020-05-09;0;2;1;3;0;3;0;5;0;2;0;1
2020-05-10;2;0;1;1;0;0;2;0;1;0;1;0
2020-05-11;1;1;3;3;2;3;0;2;0;0;1;1
2020-05-12;1;6;12;0;3;0;3;3;2;6;0;1
2020-05-13;2;3;6;10;4;9;3;7;5;1;4;4
2020-05-14;0;6;6;2;2;1;2;3;19;0;2;2
2020-05-15;2;4;2;1;0;1;1;1;2;1;1;1
2020-05-16;2;0;4;0;2;0;0;2;2;2;2;0
2020-05-17;2;0;1;2;2;1;0;0;0;0;0;0
2020-05-18;1;3;5;0;1;12;3;0;3;0;3;2
2020-05-19;2;13;3;1;7;12;1;1;1;1;1;2
2020-05-20;8;4;5;3;8;6;3;5;2;0;2;0
2020-05-21;0;0;1;1;0;0;1;3;3;1;0;0
2020-05-22;0;2;7;1;4;9;1;2;1;6;1;1
2020-05-23;1;1;0;1;0;1;1;1;0;1;1;0
2020-05-24;0;0;1;0;0;0;0;1;1;0;0;0
2020-05-25;1;6;4;0;2;0;0;1;0;1;6;1
2020-05-26;2;0;2;2;1;1;3;0;2;6;0;3
2020-05-27;4;6;6;4;1;4;5;1;2;7;1;1
2020-05-28;1;4;0;5;2;0;1;4;1;6;0;0
2020-05-29;4;7;3;0;1;1;5;1;0;3;2;2
2020-05-30;4;0;3;1;0;0;8;2;1;4;0;0
2020-05-31;0;7;0;0;2;0;0;1;6;9;2;0
2020-06-01;0;1;0;0;0;0;1;0;0;0;0;0
2020-06-02;1;5;2;8;12;5;2;0;5;1;1;0
2020-06-03;7;4;6;0;8;3;0;1;12;7;7;0
2020-06-04;1;4;7;1;6;0;2;4;0;7;0;0
2020-06-05;1;5;8;1;0;4;4;2;6;4;0;0
2020-06-06;2;0;1;2;4;0;0;0;5;0;2;0
2020-06-07;1;0;3;0;1;1;0;0;1;1;0;0
2020-06-08;0;6;7;0;0;3;2;2;0;0;2;7
2020-06-09;1;7;8;16;7;2;7;2;2;4;1;0
2020-06-10;4;6;33;4;1;2;5;2;16;4;0;0
2020-06-11;4;9;5;3;2;3;8;9;3;3;2;1
2020-06-12;3;2;11;1;1;3;8;3;6;1;2;1
2020-06-13;1;25;13;6;2;0;5;3;5;6;2;0
2020-06-14;1;1;2;0;0;3;2;0;1;2;0;0
2020-06-15;4;12;5;0;1;1;0;0;0;0;1;7
2020-06-16;8;6;19;1;4;8;8;7;7;4;1;3
2020-06-17;3;9;26;5;18;3;6;4;1;4;0;6
2020-06-18;5;22;24;16;7;2;15;10;11;7;3;6
2020-06-19;9;23;6;8;35;5;13;13;20;2;1;1
2020-06-20;5;0;5;4;6;0;6;5;2;0;2;0
2020-06-21;14;0;3;3;0;0;0;0;0;0;0;0
2020-06-22;0;8;6;6;4;6;6;6;9;6;2;4
2020-06-23;4;4;13;11;3;5;11;3;0;9;3;5
2020-06-24;3;7;14;4;4;2;7;4;7;3;0;3
2020-06-25;3;10;9;12;2;1;5;5;6;5;2;2
2020-06-26;3;11;9;1;4;0;2;3;2;0;6;1
2020-06-27;1;0;6;2;2;0;1;0;5;0;0;0
2020-06-28;0;0;2;0;0;0;0;0;0;0;0;0
2020-06-29;1;14;9;1;6;4;3;3;1;10;0;1
2020-06-30;0;10;5;3;1;0;9;4;1;1;1;0
2020-07-01;6;8;7;1;5;6;3;3;2;3;1;0
2020-07-02;3;10;6;2;12;2;5;3;3;7;2;2
2020-07-03;4;5;5;5;4;3;3;2;1;6;0;3
2020-07-04;0;13;2;11;1;0;0;2;1;0;1;0
2020-07-05;0;0;0;1;0;0;1;0;0;0;0;0
2020-07-06;3;7;4;1;0;6;0;2;3;5;2;0
2020-07-07;2;10;1;2;4;3;2;3;1;7;2;0
2020-07-08;10;4;4;3;3;1;2;1;2;16;1;0
2020-07-09;6;5;4;2;4;1;3;2;3;2;1;0
2020-07-10;1;7;7;0;3;2;2;2;2;2;4;2
2020-07-11;0;0;1;1;0;0;2;0;0;0;0;0
2020-07-12;0;0;0;1;0;0;0;0;0;0;0;0
2020-07-13;0;8;0;1;1;4;1;1;0;10;1;0
2020-07-14;1;2;0;5;0;1;2;2;0;11;1;0
2020-07-15;1;2;8;5;0;1;1;2;0;1;2;1
2020-07-16;3;0;1;3;0;0;0;4;0;3;2;0
2020-07-17;0;4;1;1;6;2;1;0;1;1;2;1
2020-07-18;0;0;1;1;0;0;3;9;2;0;3;0
2020-07-19;0;0;0;0;0;0;0;0;0;0;0;0
2020-07-20;0;6;6;2;1;2;4;2;1;1;5;0
2020-07-21;3;11;0;2;1;1;5;1;4;2;3;0
2020-07-22;4;2;4;1;1;3;2;5;3;2;0;0
2020-07-23;2;12;2;2;5;4;6;2;5;2;1;4
2020-07-24;2;7;8;4;5;10;4;7;2;7;3;1
2020-07-25;1;3;0;4;2;0;4;0;2;0;2;0
2020-07-26;0;0;0;3;0;0;0;0;0;0;0;0
2020-07-27;1;4;8;1;2;7;1;3;11;2;1;0
2020-07-28;1;15;6;5;3;1;7;6;11;6;2;1
2020-07-29;2;7;9;6;9;7;9;6;5;4;2;1
2020-07-30;4;3;10;1;10;1;7;3;10;0;0;1
2020-07-31;4;23;9;4;10;5;3;6;4;2;5;1
2020-08-01;4;6;12;4;1;0;1;0;2;1;3;0
2020-08-02;0;0;0;0;0;0;0;0;0;0;0;0
2020-08-03;0;3;5;1;5;3;2;11;5;4;2;6
2020-08-04;4;9;2;4;6;6;8;8;2;0;4;5
2020-08-05;2;13;7;9;5;2;2;16;1;6;2;2
2020-08-06;2;21;13;7;7;8;1;6;4;4;4;6
2020-08-07;2;30;20;6;16;4;7;3;2;8;1;4
2020-08-08;3;0;4;4;0;0;4;0;3;0;1;0
2020-08-09;2;0;2;1;0;0;0;0;1;0;0;0
2020-08-10;3;15;12;1;14;5;7;9;8;17;0;3
2020-08-11;4;23;19;11;8;8;7;10;6;4;3;0
2020-08-12;4;30;20;7;23;10;13;7;8;12;3;7
2020-08-13;1;19;15;9;8;3;9;7;5;2;2;9
2020-08-14;1;21;10;5;15;2;13;6;0;0;2;0
2020-08-15;0;4;7;11;2;0;3;3;2;1;0;0
2020-08-16;0;0;2;0;0;0;0;1;0;0;0;0
2020-08-17;1;16;16;5;12;10;4;17;1;10;5;2
2020-08-18;5;13;10;12;6;7;6;1;2;1;11;1
2020-08-19;1;13;9;3;7;3;4;10;4;4;9;4
2020-08-20;5;27;12;4;10;6;5;10;3;15;9;4
2020-08-21;2;11;5;4;19;5;10;6;5;1;6;3
2020-08-22;4;1;2;5;1;0;6;4;5;0;4;0
2020-08-23;0;0;0;0;0;0;0;0;1;0;0;0
2020-08-24;0;9;18;10;8;10;2;5;8;12;9;3
2020-08-25;0;9;14;3;8;8;3;11;3;3;5;2
2020-08-26;2;20;15;7;14;13;1;4;11;6;4;2
2020-08-27;1;16;11;6;11;8;2;7;1;8;3;2
2020-08-28;4;19;16;12;13;5;7;4;8;7;9;0
2020-08-29;5;0;6;5;3;1;3;10;0;0;2;0
2020-08-30;0;0;2;2;0;0;0;0;0;0;1;0
2020-08-31;0;33;10;4;19;28;1;10;6;6;4;4
2020-09-01;0;15;5;6;4;10;3;10;4;2;7;1
2020-09-02;3;10;14;6;10;5;5;12;10;3;4;7
2020-09-03;2;15;9;5;12;4;9;6;2;8;5;0
2020-09-04;2;15;14;12;29;11;6;7;7;8;7;3
2020-09-05;1;0;0;9;19;0;6;3;3;0;6;0
2020-09-06;1;0;0;1;0;0;1;0;0;0;0;0
2020-09-07;7;20;35;2;15;16;3;12;3;9;5;4
2020-09-08;0;14;4;9;10;6;2;3;4;1;3;2
2020-09-09;2;27;21;5;17;10;9;10;5;3;1;5
2020-09-10;4;22;21;20;28;7;2;8;5;12;8;4
2020-09-11;3;14;10;17;11;6;5;8;9;1;4;0
2020-09-12;4;0;11;10;6;0;4;2;3;0;3;0
2020-09-13;1;0;4;1;0;0;0;0;0;0;0;0
2020-09-14;1;33;3;7;30;0;2;7;3;7;2;2
2020-09-15;6;17;10;18;11;20;8;10;2;6;4;5
2020-09-16;9;30;23;14;28;12;8;13;9;4;14;10
2020-09-17;11;25;26;18;28;10;7;16;12;10;10;2
2020-09-18;6;29;25;15;41;11;7;23;6;8;17;6
2020-09-19;9;0;11;5;5;0;6;14;7;0;0;0
2020-09-20;4;0;8;10;0;0;0;0;0;5;0;0
2020-09-21;2;56;15;8;23;25;0;23;13;9;11;5
2020-09-22;5;24;26;17;24;18;12;24;5;4;8;2
2020-09-23;14;17;17;24;18;25;13;14;8;8;21;5
2020-09-24;2;55;40;23;21;15;12;19;8;2;18;13
2020-09-25;5;41;18;25;23;11;13;27;18;11;8;6
2020-09-26;4;18;1;19;21;0;7;8;3;0;2;0
2020-09-27;1;0;8;6;0;0;12;0;0;0;0;0
2020-09-28;3;36;39;15;30;14;9;24;7;11;8;8
2020-09-29;5;32;44;18;24;12;17;17;14;9;11;12
2020-09-30;8;53;53;28;22;19;15;37;12;8;8;12
2020-10-01;4;51;15;45;32;26;15;39;18;24;28;15
2020-10-02;15;49;56;46;36;20;27;15;19;17;10;31
2020-10-03;11;0;15;13;20;0;9;16;4;0;8;0
2020-10-04;1;0;68;18;0;0;2;0;10;0;11;0
2020-10-05;3;62;38;28;37;24;15;31;9;15;27;20
2020-10-06;8;68;68;41;17;18;14;29;10;13;24;8
2020-10-07;13;79;112;58;50;35;31;34;23;11;32;17
2020-10-08;9;81;108;47;24;25;54;35;22;13;17;22
2020-10-09;17;94;84;58;43;37;32;41;40;13;32;15
2020-10-10;6;19;1;28;24;0;32;27;15;7;12;0
2020-10-11;4;1;41;41;0;0;13;0;28;0;17;0
2020-10-12;8;108;143;47;71;38;28;38;37;13;32;29
2020-10-13;12;68;79;50;61;54;37;47;11;35;30;21
2020-10-14;27;110;97;61;68;36;50;59;20;27;15;18
2020-10-15;18;102;111;80;48;51;52;60;46;19;53;43
2020-10-16;13;118;113;44;61;41;48;70;28;31;44;20
2020-10-17;6;0;0;31;13;5;37;19;30;0;24;0
2020-10-18;1;31;76;30;0;0;14;0;26;0;14;0
2020-10-19;9;120;138;99;140;43;22;79;20;32;42;35
2020-10-20;26;173;180;150;69;53;47;65;26;30;41;41
2020-10-21;31;186;148;75;81;68;61;51;0;41;31;35
2020-10-22;34;163;144;112;81;52;68;73;69;32;38;38
2020-10-23;21;132;199;73;49;71;42;80;51;78;89;38
2020-10-24;2;0;3;47;61;0;77;30;51;12;1;0
2020-10-25;25;0;134;3;0;0;16;25;48;14;59;0
2020-10-26;27;168;13;99;216;144;34;117;41;43;79;42
2020-10-27;41;165;164;97;139;117;82;82;60;63;82;33
2020-10-28;48;190;194;94;183;89;132;73;64;59;93;76
2020-10-29;52;133;145;77;95;101;96;103;77;77;53;43
2020-10-30;46;108;184;125;96;9;81;50;104;93;101;80
2020-10-31;26;0;0;64;36;0;59;86;46;9;24;0
2020-11-01;9;2;153;82;0;0;43;31;37;0;1;0
2020-11-02;63;198;230;100;190;197;58;85;74;69;79;67
2020-11-03;54;132;187;217;99;125;95;131;87;78;85;42
2020-11-04;37;121;201;171;179;75;102;105;71;74;39;69
2020-11-05;46;195;193;150;98;128;85;119;103;43;91;53
2020-11-06;71;177;108;95;29;121;91;116;120;68;97;80
2020-11-07;34;0;6;101;11;0;47;52;43;59;53;0
2020-11-08;14;0;67;48;0;0;64;35;59;1;1;0
2020-11-09;52;250;182;164;69;213;111;169;6;83;99;70
2020-11-10;63;177;170;191;120;107;64;124;83;73;97;37
2020-11-11;38;345;221;188;175;100;182;138;92;77;58;68
2020-11-12;111;344;201;168;98;92;89;125;120;45;77;89
2020-11-13;28;268;119;95;166;119;140;92;89;139;54;88
2020-11-14;43;4;5;101;30;0;72;35;75;29;61;0
2020-11-15;34;6;170;73;0;0;31;49;77;2;139;0
2020-11-16;40;297;198;182;151;183;68;137;71;110;122;62
2020-11-17;106;223;250;159;199;117;106;144;94;74;133;78
2020-11-18;45;154;154;104;172;122;102;120;116;42;110;101
2020-11-19;82;212;205;91;229;72;108;109;98;38;117;84
2020-11-20;62;217;121;140;190;109;108;105;121;96;99;101
2020-11-21;73;1;19;86;23;0;71;64;48;22;52;0
2020-11-22;51;0;6;125;0;0;28;55;68;18;38;0
2020-11-23;40;150;234;232;290;177;83;66;111;89;58;71
2020-11-24;60;198;156;113;164;129;121;99;152;96;102;97
2020-11-25;76;135;140;140;57;122;96;123;138;79;93;61
2020-11-26;63;184;138;131;125;100;98;128;112;82;88;69
2020-11-27;77;163;167;155;88;146;103;83;119;120;47;46
2020-11-28;79;0;1;69;50;0;99;40;96;18;37;0
2020-11-29;28;0;30;38;0;0;45;52;0;21;54;0
2020-11-30;13;217;182;87;91;157;58;62;112;69;58;75
2020-12-01;57;158;118;82;85;69;89;89;125;77;67;68
2020-12-02;52;104;135;108;89;105;76;108;127;92;84;81
2020-12-03;69;240;88;104;168;110;144;120;122;59;106;70
2020-12-04;75;181;143;138;152;130;105;87;137;120;94;87
2020-12-05;43;1;41;66;30;0;47;62;63;9;68;0
2020-12-06;74;4;9;67;0;0;70;46;0;25;35;0
2020-12-07;19;242;173;74;63;164;81;51;111;64;109;174
2020-12-08;75;174;136;102;85;79;83;67;119;63;124;94
2020-12-09;133;84;166;89;122;122;118;96;142;74;144;133
2020-12-10;53;289;163;104;112;105;117;98;115;85;117;78
2020-12-11;48;155;142;118;117;111;67;126;123;93;136;91
2020-12-12;30;1;45;123;18;0;48;65;13;51;71;0
2020-12-13;57;5;0;73;0;0;37;67;0;32;35;0
2020-12-14;71;293;199;93;141;159;132;102;89;59;81;113
2020-12-15;81;183;65;95;55;90;101;70;114;107;103;128
2020-12-16;81;209;161;132;93;155;193;118;133;94;107;86
2020-12-17;109;214;209;165;161;157;139;137;51;82;130;110
2020-12-18;127;117;139;170;157;186;115;92;127;65;85;155
2020-12-19;41;0;20;69;58;0;66;78;109;44;19;0
2020-12-20;21;8;0;89;0;0;52;43;0;0;130;0
2020-12-21;75;249;102;125;151;216;51;102;178;139;94;94
2020-12-22;84;141;145;130;127;104;128;71;169;106;132;111
2020-12-23;106;140;238;135;124;102;168;162;113;100;104;82
2020-12-24;89;1;73;95;70;0;88;40;0;8;125;0
2020-12-25;0;4;1;89;0;0;21;0;6;15;42;0
2020-12-26;94;139;0;58;33;0;24;112;7;38;79;109
2020-12-27;87;45;89;48;0;0;53;22;53;15;71;0
2020-12-28;36;139;92;74;87;116;46;92;197;121;108;48
2020-12-29;97;120;114;115;101;116;114;94;135;102;75;26
2020-12-30;49;62;95;100;79;91;87;117;130;108;94;43
2020-12-31;30;0;49;88;32;0;83;63;4;89;43;0
2021-01-01;0;163;0;23;3;0;22;0;0;16;44;0
2021-01-02;86;5;11;19;54;0;19;109;14;18;39;103
2021-01-03;122;84;0;38;0;0;47;13;56;48;49;0
2021-01-04;32;63;147;64;79;160;41;105;117;34;37;130
2021-01-05;72;129;83;111;43;136;84;138;109;83;65;126
2021-01-06;111;141;96;130;108;162;116;115;142;81;64;104
2021-01-07;123;126;196;175;79;177;105;161;153;108;68;158
2021-01-08;131;124;99;106;72;185;78;108;101;47;95;119
2021-01-09;14;0;0;51;9;0;77;89;48;63;64;0
2021-01-10;48;3;0;44;0;0;19;50;1;0;42;0
2021-01-11;53;165;157;84;94;261;24;74;104;119;57;161
2021-01-12;79;109;106;82;72;174;77;92;101;104;56;115
2021-01-13;110;105;123;99;60;185;97;78;99;95;67;61
2021-01-14;73;92;93;96;53;113;80;62;79;105;76;79
2021-01-15;70;65;98;85;51;85;51;61;50;67;90;106
2021-01-16;34;2;4;41;23;0;43;30;25;42;47;0
2021-01-17;21;7;16;40;0;0;18;42;0;0;24;0
2021-01-18;22;94;111;16;27;125;29;48;37;35;13;97
2021-01-19;62;132;65;66;87;121;50;68;53;46;54;80
2021-01-20;73;98;104;92;29;96;65;59;67;84;55;38
2021-01-21;65;81;67;38;46;71;59;53;47;51;39;42
2021-01-22;31;99;58;73;41;55;29;64;44;44;65;55
2021-01-23;31;0;0;38;29;0;57;18;34;26;32;0
2021-01-24;6;0;0;20;0;0;17;4;0;0;9;0
2021-01-25;37;108;74;22;33;96;17;62;51;38;13;53
2021-01-26;49;91;71;65;46;40;46;44;57;44;61;72
2021-01-27;44;77;56;41;35;88;42;39;37;75;44;68
2021-01-28;13;60;46;32;35;63;43;48;41;31;42;29
2021-01-29;41;59;56;47;38;66;55;35;25;26;28;36
2021-01-30;7;8;0;37;12;0;18;40;21;24;9;0
2021-01-31;0;1;0;19;0;0;11;19;0;0;5;0
2021-02-01;35;120;80;18;63;105;21;23;54;28;18;54
2021-02-02;28;69;55;45;27;67;47;37;5;15;60;47
2021-02-03;35;61;33;41;31;58;51;26;50;38;21;42
2021-02-04;30;61;41;41;30;47;19;53;33;44;17;15
2021-02-05;26;63;40;46;38;40;31;27;28;11;16;20
2021-02-06;6;1;0;41;21;0;27;17;23;25;36;0
2021-02-07;0;0;0;5;0;0;19;0;0;0;1;0
2021-02-08;19;57;49;7;23;78;24;33;41;28;7;52
2021-02-09;46;42;53;37;42;24;39;22;36;58;20;40
2021-02-10;30;42;37;35;30;66;30;28;31;40;31;20
2021-02-11;39;49;37;20;30;33;31;33;21;39;14;38
2021-02-12;10;36;27;29;16;28;28;30;40;41;24;23
2021-02-13;17;0;0;27;5;0;7;15;19;5;2;0
2021-02-14;0;0;1;5;0;0;29;0;0;0;0;0
2021-02-15;17;46;44;7;22;46;17;39;16;48;13;57
2021-02-16;28;41;42;27;29;46;29;18;18;41;20;31
2021-02-17;41;39;51;28;24;35;30;67;38;45;21;28
2021-02-18;23;69;45;21;26;33;19;27;31;28;26;35
2021-02-19;22;60;43;44;27;25;20;31;36;16;28;17
2021-02-20;6;1;0;38;7;0;29;26;20;33;15;0
2021-02-21;0;0;0;7;0;0;4;0;0;0;0;0
2021-02-22;29;66;55;15;21;69;13;35;13;18;37;52
2021-02-23;23;58;65;50;35;53;34;44;17;29;31;35
2021-02-24;32;95;50;44;26;32;31;53;39;21;32;31
2021-02-25;36;47;52;44;37;38;24;49;21;23;52;36
2021-02-26;42;42;57;32;60;29;29;52;30;40;45;17
2021-02-27;5;0;0;29;8;0;17;12;6;32;23;0
2021-02-28;0;0;0;7;0;0;21;0;0;0;0;1
2021-03-01;20;66;92;25;36;49;10;35;52;52;40;31
2021-03-02;57;56;44;48;36;25;54;42;20;43;26;48
2021-03-03;19;37;76;80;20;28;42;62;30;25;53;45
2021-03-04;47;39;31;63;27;33;27;41;32;28;32;42
2021-03-05;22;52;57;61;31;26;23;29;28;45;32;31
2021-03-06;4;0;0;37;9;0;31;20;21;28;19;0
2021-03-07;0;1;38;15;1;0;26;0;0;0;7;0
2021-03-08;16;0;24;15;12;0;7;0;0;0;0;0
2021-03-09;23;58;23;35;43;60;23;62;38;53;20;37
2021-03-10;32;89;76;64;33;51;50;46;47;36;36;44
2021-03-11;45;89;54;64;50;65;78;53;20;55;66;35
2021-03-12;79;65;61;71;39;72;46;40;60;29;62;59
2021-03-13;12;1;2;60;28;0;5;41;22;42;54;0
2021-03-14;0;0;0;23;14;1;27;0;0;0;2;0
2021-03-15;38;113;108;32;38;60;42;42;64;55;26;62
2021-03-16;59;65;80;61;35;53;61;63;50;47;39;23
2021-03-17;76;94;64;83;67;54;37;66;70;39;56;42
2021-03-18;51;119;75;57;45;76;68;42;43;87;48;44
2021-03-19;50;61;55;67;41;87;40;60;62;7;39;61
2021-03-20;0;17;0;41;48;0;27;31;23;40;28;0
2021-03-21;0;23;0;20;0;0;37;0;0;0;0;0
2021-03-22;33;86;167;31;41;112;19;87;65;119;38;87
2021-03-23;172;164;102;67;67;82;49;60;39;95;90;47
2021-03-24;55;88;86;90;79;116;76;73;92;61;95;88
2021-03-25;97;104;179;60;85;69;57;79;40;72;38;55
2021-03-26;80;124;97;74;55;77;53;79;99;56;91;91
2021-03-27;69;0;50;71;37;0;39;21;65;84;32;0
2021-03-28;0;3;0;53;1;0;43;0;0;0;0;0
2021-03-29;31;114;125;22;67;97;34;80;72;49;35;60
2021-03-30;46;126;108;67;62;62;67;98;73;83;79;82
2021-03-31;63;128;119;104;73;93;77;90;128;104;60;68
2021-04-01;101;94;110;65;60;83;86;86;67;49;55;59
2021-04-02;54;3;10;79;41;0;42;1;71;0;51;0
2021-04-03;35;98;48;28;14;111;27;110;24;119;13;51
2021-04-04;24;0;74;15;15;0;36;0;0;12;0;0
2021-04-05;27;0;1;33;21;0;19;69;61;35;55;0
2021-04-06;17;114;81;38;37;96;65;41;16;66;17;36
2021-04-07;35;66;89;76;50;89;54;69;70;62;40;35
2021-04-08;68;167;81;97;60;58;67;69;48;75;70;85
2021-04-09;76;103;113;89;81;139;99;49;88;59;79;105
2021-04-10;39;0;20;69;57;0;57;38;100;59;49;0
2021-04-11;0;0;10;50;0;0;40;0;0;0;0;0
2021-04-12;46;134;63;43;45;139;50;72;0;87;37;89
2021-04-13;93;128;121;93;112;83;89;74;110;66;66;52
2021-04-14;85;137;177;140;101;85;89;85;103;108;69;66
2021-04-15;51;93;139;92;94;88;119;120;81;104;59;47
2021-04-16;79;135;111;119;52;70;71;71;71;59;45;54
2021-04-17;81;2;27;38;39;0;24;44;22;64;44;0
2021-04-18;0;0;0;53;0;0;56;0;0;0;1;0
2021-04-19;38;139;124;37;37;98;37;111;53;99;30;32
2021-04-20;71;105;117;103;92;74;88;90;78;103;54;55
2021-04-21;66;152;140;103;105;79;67;63;60;73;96;64
2021-04-22;79;95;106;98;41;86;64;60;88;68;56;52
2021-04-23;72;131;84;54;59;88;52;66;85;44;45;33
2021-04-24;62;5;5;72;53;0;33;32;58;78;30;0
2021-04-25;0;2;0;34;0;0;56;0;0;0;5;0
2021-04-26;46;138;84;35;100;77;46;133;106;86;25;48
2021-04-27;56;120;183;75;85;58;74;91;68;54;55;58
2021-04-28;68;95;100;97;48;40;98;73;63;71;67;65
2021-04-29;24;75;104;78;71;62;52;63;79;59;55;55
2021-04-30;110;63;74;83;55;39;52;43;59;42;41;14
2021-05-01;14;2;1;52;28;0;23;30;36;0;31;0
2021-05-02;1;2;0;16;0;0;8;0;0;0;0;0
2021-05-03;52;95;85;18;30;89;30;81;58;95;19;47
2021-05-04;78;109;108;61;62;39;39;87;72;76;38;21
2021-05-05;54;93;104;70;54;49;53;63;42;54;64;53
2021-05-06;46;54;65;67;47;39;55;40;57;68;20;44
2021-05-07;30;91;60;52;40;43;54;51;46;63;34;41
2021-05-08;56;0;1;38;32;0;15;12;17;0;23;0
2021-05-09;0;0;0;10;0;0;14;1;0;0;0;0
2021-05-10;21;98;76;22;53;55;21;50;43;71;13;34
2021-05-11;34;64;74;38;40;32;54;28;38;43;30;37
2021-05-12;62;84;69;50;58;48;44;69;56;57;39;39
2021-05-13;24;0;0;29;1;0;27;0;27;1;17;0
2021-05-14;14;101;65;19;22;49;14;39;19;43;11;39
2021-05-15;49;0;0;22;15;0;16;45;24;0;6;0
2021-05-16;0;1;0;14;0;0;19;0;0;0;0;1
2021-05-17;32;103;27;12;14;27;20;26;25;81;23;23
2021-05-18;13;85;74;49;42;37;32;32;25;41;23;21
2021-05-19;31;68;59;47;39;44;40;21;17;26;18;28
2021-05-20;33;31;25;23;15;20;14;30;20;10;18;10
2021-05-21;24;51;37;24;16;22;21;14;28;41;25;17
2021-05-22;25;1;2;19;14;0;8;15;6;8;6;0
2021-05-23;0;0;0;6;0;0;20;0;0;0;0;0
2021-05-24;9;0;0;11;5;0;0;10;37;0;7;0
2021-05-25;3;63;47;5;13;21;10;7;10;26;4;30
2021-05-26;29;39;51;46;25;29;7;14;9;19;7;21
2021-05-27;17;44;40;12;16;11;15;22;33;22;19;17
2021-05-28;10;31;32;30;21;14;9;18;40;21;8;8
2021-05-29;12;0;1;7;18;0;8;6;10;0;1;0
2021-05-30;0;0;0;4;0;0;4;0;0;0;0;0
2021-05-31;13;41;32;9;18;14;5;9;23;17;7;15
2021-06-01;17;22;29;12;12;11;11;10;21;17;11;3
2021-06-02;21;30;26;14;15;11;14;19;34;16;7;7
2021-06-03;8;29;79;9;18;8;19;20;15;8;4;11
2021-06-04;20;14;17;19;12;14;2;11;20;6;10;6
2021-06-05;0;0;6;3;7;0;1;4;3;2;2;0
2021-06-06;0;0;5;0;0;0;2;0;0;0;0;0
2021-06-07;17;14;8;2;4;10;2;23;19;4;6;8
2021-06-08;9;20;8;18;10;7;7;10;10;5;9;2
2021-06-09;6;14;7;6;6;1;18;13;27;6;7;7
2021-06-10;5;14;12;5;5;8;11;6;18;11;5;7
2021-06-11;5;16;5;10;2;4;10;8;17;2;6;3
2021-06-12;0;0;1;2;3;0;4;1;2;0;0;0
2021-06-13;0;0;1;3;0;0;1;0;0;0;0;0
2021-06-14;5;16;10;2;3;5;2;7;5;5;0;2
2021-06-15;5;5;4;3;7;1;7;5;4;7;7;5
2021-06-16;5;8;5;5;8;3;4;6;8;10;2;2
2021-06-17;4;5;4;0;5;2;1;1;2;1;0;4
2021-06-18;3;9;1;4;12;2;7;2;5;1;3;1
2021-06-19;0;0;0;1;4;0;3;3;6;0;0;0
2021-06-20;0;0;0;0;0;0;1;0;0;0;0;0
2021-06-21;9;9;5;3;5;3;3;4;5;6;1;5
2021-06-22;4;7;5;4;0;6;4;2;4;4;3;1
2021-06-23;4;9;4;5;5;3;11;3;7;1;1;0
2021-06-24;3;9;3;4;3;2;3;5;1;4;1;9
2021-06-25;5;9;6;3;0;4;6;2;0;3;1;2
2021-06-26;0;0;0;0;2;0;4;0;1;0;1;0
2021-06-27;0;0;0;0;0;2;0;0;0;0;0;0
2021-06-28;2;5;5;2;5;5;1;3;3;1;3;5
2021-06-29;2;7;1;1;9;1;3;9;2;6;1;3
2021-06-30;1;4;7;4;5;3;3;2;0;2;2;3
2021-07-01;6;4;3;1;2;0;5;8;2;1;3;1
2021-07-02;0;14;2;1;7;2;3;3;1;2;2;2
2021-07-03;0;0;0;0;0;0;1;1;0;0;1;0
2021-07-04;0;0;2;0;0;0;2;0;0;0;0;0
2021-07-05;2;10;11;6;10;9;4;12;6;2;1;0
2021-07-06;1;14;7;2;4;5;3;9;5;2;2;5
2021-07-07;1;13;4;6;5;7;1;7;2;0;5;3
2021-07-08;1;8;4;0;9;8;0;5;7;2;2;2
2021-07-09;2;11;10;3;10;4;5;10;1;2;6;1
2021-07-10;0;0;0;0;4;0;1;0;1;0;1;0
2021-07-11;0;0;0;0;0;0;0;0;0;0;0;1
2021-07-12;1;12;10;9;16;15;5;14;7;10;5;3
2021-07-13;4;25;9;9;20;12;3;12;7;6;5;4
2021-07-14;0;15;19;14;14;21;8;9;5;14;7;5
2021-07-15;2;18;12;12;27;14;7;18;8;4;9;5
2021-07-16;1;21;12;11;25;19;9;22;0;8;4;8
2021-07-17;0;0;4;1;6;0;5;0;0;0;3;0
2021-07-18;0;0;0;1;0;0;0;0;0;0;0;0
2021-07-19;9;39;20;21;34;26;8;29;10;8;10;6
2021-07-20;5;35;13;14;26;18;14;27;11;15;11;5
2021-07-21;8;26;15;11;27;17;6;27;10;8;8;9
2021-07-22;8;16;12;10;20;18;5;19;7;9;8;7
2021-07-23;10;24;11;16;31;20;15;13;11;7;14;0
2021-07-24;0;0;2;0;0;0;14;1;0;0;10;0
2021-07-25;0;0;6;0;0;0;2;0;0;0;0;1
2021-07-26;5;31;27;18;29;38;5;46;24;10;12;6
2021-07-27;5;20;31;24;25;14;9;30;16;10;21;3
2021-07-28;6;37;23;14;33;8;13;18;25;13;13;3
2021-07-29;5;15;30;14;24;27;23;17;22;12;9;9
2021-07-30;5;25;21;19;30;22;7;9;10;10;21;4
2021-07-31;0;0;2;0;0;0;7;0;12;0;5;0
2021-08-01;0;0;6;0;0;0;8;0;0;0;0;0
2021-08-02;10;38;58;13;30;21;18;40;8;22;16;15
2021-08-03;15;31;37;26;41;19;27;18;16;17;28;12
2021-08-04;14;41;39;28;33;32;29;32;24;26;19;9
2021-08-05;14;28;31;29;35;16;36;17;23;14;12;13
2021-08-06;13;37;23;29;15;23;13;20;14;8;26;8
2021-08-07;0;1;7;0;18;0;13;0;20;0;8;5
2021-08-08;0;5;11;0;0;0;10;0;19;0;0;0
2021-08-09;24;41;86;35;51;40;25;59;8;42;22;20
2021-08-10;26;52;70;35;36;39;38;39;52;23;22;19
2021-08-11;25;55;96;49;49;36;36;55;49;30;9;17
2021-08-12;32;57;73;24;51;32;40;37;52;22;34;7
2021-08-13;28;51;52;48;39;28;25;41;48;36;41;8
2021-08-14;0;2;20;0;24;0;21;0;26;0;8;9
2021-08-15;0;0;16;0;1;0;13;0;19;0;2;0
2021-08-16;26;95;97;71;51;63;22;97;28;46;28;17
2021-08-17;37;45;64;59;46;31;57;62;59;43;33;18
2021-08-18;28;74;73;50;49;36;44;41;39;19;38;16
2021-08-19;45;63;54;34;46;23;37;36;25;32;19;29
2021-08-20;16;85;62;44;34;25;34;30;59;31;28;16
2021-08-21;0;0;18;0;30;0;16;0;17;0;8;11
2021-08-22;0;1;7;0;0;0;23;0;8;0;1;0
2021-08-23;41;78;62;69;58;47;39;75;30;61;42;8
2021-08-24;20;49;98;67;60;50;62;56;52;37;48;20
2021-08-25;35;94;88;54;51;35;64;41;45;33;52;40
2021-08-26;22;83;65;40;42;26;41;42;42;50;31;23
2021-08-27;35;63;75;43;35;16;39;36;41;15;25;29
2021-08-28;0;0;20;0;19;0;24;2;26;0;10;11
2021-08-29;0;0;13;0;0;0;14;0;21;0;4;0
2021-08-30;35;103;92;61;61;90;45;72;42;19;22;21
2021-08-31;34;103;99;75;61;50;98;61;77;71;41;31
2021-09-01;47;78;96;57;63;53;65;54;35;51;54;24
2021-09-02;26;63;44;74;50;45;56;34;10;40;20;17
2021-09-03;42;83;78;50;40;42;32;40;17;22;28;14
2021-09-04;0;3;23;0;16;0;29;33;24;0;16;8
2021-09-05;0;0;23;0;0;0;4;0;0;0;0;15
2021-09-06;43;113;71;81;92;76;51;52;52;38;31;22
2021-09-07;37;83;102;62;85;52;69;51;36;40;33;11
2021-09-08;38;87;51;58;61;40;60;64;87;58;29;39
2021-09-09;16;99;62;63;50;29;51;41;85;45;22;22
2021-09-10;20;67;59;66;44;39;63;39;69;21;31;34
2021-09-11;0;0;1;0;13;0;31;0;38;0;20;6
2021-09-12;0;1;0;0;0;0;12;0;1;0;2;0
2021-09-13;40;103;99;65;74;68;26;80;49;47;25;45
2021-09-14;13;86;79;55;66;39;61;52;82;32;40;27
2021-09-15;23;95;71;61;55;57;59;35;62;55;32;39
2021-09-16;28;55;67;43;48;45;36;35;36;24;24;30
2021-09-17;24;82;39;50;34;44;31;27;54;13;28;1
2021-09-18;0;1;10;0;22;0;29;18;12;0;1;6
2021-09-19;0;1;2;0;0;0;11;0;0;0;0;0
2021-09-20;27;100;90;64;39;52;23;53;31;64;22;30
2021-09-21;15;86;60;45;43;46;64;21;39;29;30;32
2021-09-22;52;72;63;63;66;62;43;35;37;27;29;23
2021-09-23;25;42;43;42;30;33;55;31;36;29;25;26
2021-09-24;18;56;68;52;52;47;46;40;17;19;18;40
2021-09-25;0;6;4;0;18;0;24;17;14;0;0;1
2021-09-26;0;2;4;0;2;0;19;0;0;0;0;0
2021-09-27;35;73;82;55;64;60;36;31;39;45;40;39
2021-09-28;26;92;49;60;77;44;62;38;39;30;36;32
2021-09-29;47;76;102;60;81;59;59;42;50;25;34;57
2021-09-30;28;39;51;59;55;46;47;41;43;37;21;33
2021-10-01;32;61;75;52;27;51;42;34;34;25;25;26
2021-10-02;0;2;9;0;0;24;12;22;0;0;5;8
2021-10-03;0;2;3;0;1;0;21;0;21;0;1;11
2021-10-04;45;75;83;62;58;40;46;43;53;54;46;14
2021-10-05;39;84;86;61;80;54;65;42;48;40;40;26
2021-10-06;45;77;70;71;49;40;59;61;42;42;19;22
2021-10-07;32;93;52;41;46;34;64;29;42;38;34;22
2021-10-08;39;80;52;39;51;41;61;34;34;33;39;30
2021-10-09;0;1;16;0;27;38;7;33;0;0;2;3
2021-10-10;0;0;5;0;0;0;4;0;16;0;2;0
2021-10-11;59;108;73;81;56;34;42;27;51;82;39;18
2021-10-12;22;108;76;65;74;57;81;51;47;37;56;32
2021-10-13;43;77;58;75;61;53;51;52;38;35;32;46
2021-10-14;22;92;75;45;47;35;43;40;38;33;34;24
2021-10-15;59;87;69;53;59;54;64;33;43;44;30;31
2021-10-16;0;1;26;1;49;42;20;52;0;0;1;12
2021-10-17;0;1;21;2;0;0;4;0;38;0;1;6
2021-10-18;50;138;109;91;70;46;65;37;34;84;82;53
2021-10-19;39;128;107;129;85;71;78;50;52;55;53;5
2021-10-20;71;103;109;80;95;79;95;98;77;51;40;80
2021-10-21;33;92;89;110;47;53;83;62;46;42;62;48
2021-10-22;36;126;55;63;92;80;41;61;54;49;50;25
2021-10-23;0;8;24;0;72;52;40;58;0;0;10;0
2021-10-24;0;1;5;1;0;0;5;0;31;0;0;0
2021-10-25;45;143;79;119;61;83;86;63;54;95;60;29
2021-10-26;70;116;179;126;129;112;85;84;65;62;88;76
2021-10-27;57;181;146;123;97;111;101;87;86;80;78;62
2021-10-28;71;121;119;78;91;83;90;82;89;61;60;81
2021-10-29;73;115;63;89;121;80;115;50;73;83;58;57
2021-10-30;0;2;33;3;23;116;9;76;0;0;1;11
2021-10-31;0;5;27;1;9;0;3;0;53;0;1;16
2021-11-01;85;175;149;111;72;113;123;70;47;134;95;65
2021-11-02;25;161;162;146;97;169;145;98;72;107;140;79
2021-11-03;137;149;169;144;160;134;107;110;139;116;103;119
2021-11-04;70;185;162;108;141;185;163;140;115;118;99;105
2021-11-05;166;152;97;151;78;116;147;99;114;101;98;66
2021-11-06;0;3;3;2;55;108;15;40;0;0;32;7
2021-11-07;0;0;13;1;9;0;38;0;64;0;5;0
2021-11-08;73;280;263;248;201;199;152;190;127;187;96;192
2021-11-09;84;196;291;153;310;184;121;137;100;142;214;124
2021-11-10;211;273;252;305;252;320;163;238;138;207;169;191
2021-11-11;115;275;223;243;170;276;149;175;126;41;171;145
2021-11-12;126;235;218;159;152;327;177;153;170;27;163;147
2021-11-13;0;1;4;0;224;209;62;30;0;0;91;0
2021-11-14;0;0;5;0;59;0;90;2;96;0;38;2
2021-11-15;74;411;276;364;246;269;176;120;113;314;260;218
2021-11-16;118;253;356;228;222;284;238;282;220;225;234;191
2021-11-17;160;267;289;199;262;321;220;277;219;200;196;247
2021-11-18;79;236;217;173;236;309;159;60;182;293;224;223
2021-11-19;55;235;181;132;194;255;261;238;169;53;144;165
2021-11-20;0;2;7;1;102;195;16;42;0;0;90;0
2021-11-21;0;3;17;4;87;0;23;0;51;0;104;0
2021-11-22;68;411;299;378;213;327;286;376;121;241;109;307
2021-11-23;42;295;246;317;188;285;240;205;111;244;273;212
2021-11-24;218;308;243;278;221;397;219;213;145;188;189;218
2021-11-25;158;297;360;265;153;268;209;207;103;166;180;205
2021-11-26;163;205;326;258;214;286;204;168;156;246;173;223
2021-11-27;0;0;128;1;144;252;58;44;0;0;99;0
2021-11-28;0;3;126;0;38;0;46;0;156;0;33;0
2021-11-29;159;241;293;236;171;232;219;295;227;335;138;287
2021-11-30;225;289;310;357;216;235;174;168;218;125;166;220
2021-12-01;157;215;191;166;230;197;132;199;142;309;121;185
2021-12-02;269;270;219;257;155;262;148;189;183;125;164;315
2021-12-03;209;274;151;158;170;222;171;172;219;159;172;186
2021-12-04;119;0;56;0;103;176;94;40;0;0;64;1
2021-12-05;0;3;148;0;29;0;20;0;101;0;43;0
2021-12-06;186;333;271;344;124;263;187;230;231;187;113;183
2021-12-07;178;293;193;225;207;226;132;163;241;275;138;241
2021-12-08;140;338;243;245;204;240;138;212;209;213;121;279
2021-12-09;130;182;189;160;182;176;144;160;222;202;95;209
2021-12-10;121;192;115;140;153;201;116;82;121;184;88;113
2021-12-11;54;3;6;0;24;149;34;29;0;14;70;11
2021-12-12;0;3;0;0;4;0;26;0;100;0;66;0
2021-12-13;239;268;318;256;192;254;178;263;163;185;103;178
2021-12-14;284;280;217;192;201;239;139;128;103;145;121;229
2021-12-15;255;187;244;109;186;275;132;174;168;185;124;174
2021-12-16;273;285;221;243;127;264;158;166;156;152;113;252
2021-12-17;285;232;141;211;169;260;128;122;147;132;117;159
2021-12-18;150;2;27;0;82;146;18;27;0;0;68;5
2021-12-19;0;2;78;0;30;0;20;0;87;0;38;3
2021-12-20;186;314;341;377;282;279;173;253;156;325;113;208
2021-12-21;213;219;239;231;200;217;214;110;113;248;121;429
2021-12-22;57;272;181;223;169;235;215;163;144;290;147;193
2021-12-23;35;284;137;136;256;179;157;150;99;178;133;129
2021-12-24;0;185;98;0;93;1;27;1;65;0;97;75
2021-12-25;0;2;109;0;111;402;25;0;0;0;68;0
2021-12-26;0;1;67;0;72;77;49;0;171;0;36;0
2021-12-27;82;292;233;278;243;168;189;226;79;239;138;249
2021-12-28;147;351;210;252;231;227;256;189;93;155;179;144
2021-12-29;149;302;178;208;250;384;210;194;124;95;212;190
2021-12-30;156;238;301;248;224;267;176;145;145;194;252;175
2021-12-31;0;162;72;0;131;356;103;3;0;0;166;61
2022-01-01;0;3;81;0;114;0;18;3;7;1;99;3
2022-01-02;0;2;45;2;82;268;86;0;163;0;93;1
2022-01-03;123;563;556;367;297;224;260;213;180;387;271;277
2022-01-04;187;538;571;549;435;349;191;269;220;448;457;265
2022-01-05;264;501;651;542;485;833;323;478;253;369;457;380
2022-01-06;172;813;651;507;823;542;384;559;437;396;450;392
2022-01-07;214;640;658;764;740;481;491;532;320;446;459;202
2022-01-08;172;4;344;1;153;294;94;282;292;147;190;0
2022-01-09;0;10;255;0;135;118;133;92;5;0;132;0
2022-01-10;105;903;780;767;868;682;564;445;530;463;374;518
2022-01-11;0;907;812;758;922;873;645;634;445;459;514;358
2022-01-12;0;1172;974;613;1104;708;701;702;324;638;468;452
2022-01-13;0;1107;1056;382;894;576;548;410;339;460;617;499
2022-01-14;0;1133;825;284;908;351;503;443;473;469;619;408
2022-01-15;0;9;73;5;251;328;156;340;282;148;344;3
2022-01-16;0;15;312;6;221;466;124;32;1;0;227;1
2022-01-17;129;1412;1289;226;783;371;647;837;766;844;641;636
2022-01-18;182;2130;1161;611;1042;609;791;715;843;556;844;635
2022-01-19;286;3039;1081;835;1197;2022;706;726;866;668;758;549
2022-01-20;234;2620;1199;1039;1312;2392;742;720;779;779;584;665
2022-01-21;371;1671;1302;1580;1236;2113;741;459;753;678;626;559
2022-01-22;278;22;339;18;322;658;200;99;388;372;476;2
2022-01-23;0;15;408;18;106;265;175;61;0;0;208;38
2022-01-24;418;2545;1486;2000;1364;2111;842;640;1064;566;649;660
2022-01-25;354;1892;1646;2862;1363;2477;721;700;1083;618;810;655
2022-01-26;312;2194;1849;2154;1602;1473;912;719;920;815;630;568
2022-01-27;321;1309;1883;2371;1445;1199;837;565;940;815;605;590
2022-01-28;370;1250;1564;628;1276;1157;691;633;888;1052;774;570
2022-01-29;162;20;251;5;545;567;60;259;445;582;494;14
2022-01-30;0;27;141;1;45;163;157;120;0;0;427;0
2022-01-31;336;2334;1449;1098;1463;1071;910;1067;912;892;466;498
2022-02-01;608;1316;1654;809;1570;2272;736;2580;844;1252;441;786
2022-02-02;931;1196;1028;1006;525;1979;872;3161;684;1139;369;640
2022-02-03;938;1241;998;665;925;1112;854;2981;690;1221;294;596
2022-02-04;701;1042;625;601;634;926;562;653;665;1042;574;470
2022-02-05;293;13;137;0;273;800;110;63;275;98;346;8
2022-02-06;0;3;126;1;134;0;201;169;0;0;27;9
2022-02-07;891;1455;832;947;1016;1039;739;834;647;892;835;682
2022-02-08;1230;1289;1029;1301;593;1226;821;728;730;1238;944;858
2022-02-09;1079;978;815;1585;760;892;759;688;654;1058;777;1117
2022-02-10;867;669;316;898;635;784;700;490;717;749;815;1081
2022-02-11;503;600;365;607;511;802;467;385;582;825;785;875
2022-02-12;0;6;87;0;224;478;119;87;0;147;140;16
2022-02-13;0;1;73;1;77;0;65;133;0;0;90;8
2022-02-14;859;1149;329;1069;736;846;617;514;909;704;594;878
2022-02-15;841;868;533;617;696;988;760;437;1024;1028;920;1126
2022-02-16;194;684;801;507;470;775;603;381;439;742;891;963
2022-02-17;1024;561;516;448;407;630;281;470;404;732;688;774
2022-02-18;614;598;671;385;575;490;276;486;410;1175;681;706
2022-02-19;139;10;20;0;151;889;132;76;217;298;97;1
2022-02-20;0;8;45;0;53;0;90;142;1;0;44;3
2022-02-21;494;1136;929;871;758;727;400;667;542;1082;445;724
2022-02-22;697;784;751;688;530;1090;396;647;338;1249;457;917
2022-02-23;815;810;522;497;639;707;517;745;387;1437;550;939
2022-02-24;836;623;461;497;477;726;452;597;419;1231;472;1070
2022-02-25;607;554;441;507;586;546;323;393;376;819;467;869
2022-02-26;0;2;16;1;125;375;52;175;235;192;32;8
2022-02-27;0;6;26;1;112;0;112;88;1;0;55;11
2022-02-28;621;606;538;789;372;799;328;499;354;356;578;912
2022-03-01;601;690;578;596;640;810;345;425;484;191;523;803
2022-03-02;788;699;475;576;453;1038;407;534;533;329;368;735
2022-03-03;848;469;365;463;711;806;425;446;622;398;434;461
2022-03-04;674;577;315;405;519;486;343;373;280;328;500;661
2022-03-05;141;3;10;1;227;489;76;81;257;81;80;2
2022-03-06;0;0;2;6;40;0;105;119;0;0;27;1
2022-03-07;475;800;241;654;630;600;368;296;280;129;516;464
2022-03-08;0;8;20;3;76;0;90;7;0;144;44;10
2022-03-09;471;870;728;814;960;1213;438;544;692;164;814;739
2022-03-10;589;793;750;668;673;792;374;596;302;289;448;663
2022-03-11;498;756;612;1048;654;1193;432;516;508;271;542;368
2022-03-12;0;4;20;1;223;442;121;83;313;0;135;7
2022-03-13;0;5;24;0;46;0;123;80;1;0;72;4
2022-03-14;652;1175;1114;631;856;1693;550;719;585;330;830;627
2022-03-15;497;1318;697;718;839;1161;596;742;488;346;711;703
2022-03-16;356;1092;599;1469;906;1403;527;647;490;457;547;754
2022-03-17;535;697;525;780;815;657;494;813;287;347;502;701
2022-03-18;653;700;532;539;547;350;442;501;426;183;433;376
2022-03-19;0;7;24;1;111;1;115;65;138;0;17;10
2022-03-20;0;6;6;0;21;0;117;69;0;0;24;2
2022-03-21;607;1010;898;1154;978;1118;553;745;518;338;651;475
2022-03-22;624;1185;726;860;943;1634;541;711;507;460;765;700
2022-03-23;659;1131;513;799;820;1798;647;749;451;440;552;753
2022-03-24;791;832;578;676;561;1103;316;730;439;499;758;597
2022-03-25;795;724;452;549;463;644;383;574;343;383;620;554
2022-03-26;0;11;46;1;374;580;97;53;25;0;58;28
2022-03-27;0;3;10;0;39;0;149;136;0;0;8;0
2022-03-28;662;917;618;851;595;397;361;700;499;252;522;796
2022-03-29;662;655;567;842;756;1017;347;489;588;377;414;685
2022-03-30;545;1028;388;624;590;1385;407;426;415;379;499;689
2022-03-31;1057;535;344;259;385;418;273;311;333;481;481;615
2022-04-01;801;430;333;488;676;440;326;230;359;391;384;420
2022-04-02;0;5;12;1;163;265;57;100;0;0;6;4
2022-04-03;0;2;10;0;16;0;128;0;1;0;4;3
2022-04-04;376;574;443;723;416;447;139;574;433;520;473;740
2022-04-05;625;704;267;612;478;1256;332;405;313;748;595;741
2022-04-06;307;451;391;475;282;554;350;370;203;542;332;471
2022-04-07;626;439;336;366;318;476;214;543;206;442;439;373
2022-04-08;342;354;220;284;234;335;196;368;138;551;376;229
2022-04-09;0;1;23;3;81;127;93;60;16;0;47;1
2022-04-10;0;0;31;1;53;0;90;0;0;0;26;4
2022-04-11;351;514;419;610;438;474;100;523;339;413;236;304
2022-04-12;717;496;278;378;389;779;270;497;225;430;340;391
2022-04-13;515;332;247;293;302;471;269;528;184;251;454;441
2022-04-14;711;294;221;320;231;327;144;185;128;347;348;293
2022-04-15;0;0;76;5;61;0;114;0;40;0;2;3
2022-04-16;0;0;68;1;146;271;69;59;0;0;2;7
2022-04-17;0;1;0;0;48;0;101;0;48;0;2;2
2022-04-18;0;0;18;1;58;475;65;0;34;0;1;1
2022-04-19;436;666;325;737;483;243;103;369;338;154;528;423
2022-04-20;433;452;253;292;321;368;271;436;261;281;339;230
2022-04-21;589;343;155;239;241;346;150;363;191;217;208;288
2022-04-22;306;277;193;233;298;333;199;226;104;212;196;277
2022-04-23;0;3;23;1;46;206;104;183;0;0;1;8
2022-04-24;0;0;22;1;44;0;81;0;0;0;1;2
2022-04-25;369;532;292;460;354;656;98;348;275;413;434;360
2022-04-26;684;308;212;349;335;576;315;336;173;346;253;272
2022-04-27;229;794;387;477;299;502;201;288;126;251;358;271
2022-04-28;804;422;214;276;237;333;145;267;0;274;379;547
2022-04-29;378;244;143;155;336;318;135;109;222;197;204;172
2022-04-30;0;1;8;0;78;133;27;56;0;0;4;3
2022-05-01;0;1;19;0;38;0;40;0;0;0;17;2
2022-05-02;142;237;205;268;204;160;95;156;224;306;237;191
2022-05-03;663;454;244;375;279;672;184;295;141;423;196;344
2022-05-04;493;160;127;165;114;163;141;167;88;378;246;173
2022-05-05;479;182;99;132;119;166;99;139;68;338;112;170
2022-05-06;293;137;143;126;130;155;96;117;100;218;100;11
2022-05-07;0;13;11;0;24;0;24;76;0;0;3;0
2022-05-08;0;4;6;0;22;0;81;0;0;0;2;2
2022-05-09;474;413;259;478;400;512;108;180;170;264;239;186
2022-05-10;333;361;191;177;207;494;155;241;130;261;289;342
2022-05-11;359;224;176;187;183;215;160;233;73;322;267;195
2022-05-12;619;162;123;155;114;244;77;149;86;359;205;191
2022-05-13;551;143;118;139;134;218;118;174;98;291;118;125
2022-05-14;0;2;5;0;33;146;51;54;0;0;8;4
2022-05-15;0;2;5;0;23;0;59;0;0;0;11;4
2022-05-16;424;230;184;304;188;205;75;143;172;319;221;159
2022-05-17;290;225;99;170;147;237;86;131;102;297;255;130
2022-05-18;215;179;88;117;92;217;81;99;82;387;119;110
2022-05-19;532;120;83;119;115;141;72;105;74;309;90;89
2022-05-20;244;152;85;101;119;137;92;87;72;250;169;103
2022-05-21;0;0;9;0;52;93;32;34;0;0;21;3
2022-05-22;0;0;9;0;12;0;43;0;0;0;1;0
2022-05-23;458;268;104;201;120;161;38;122;120;338;170;176
2022-05-24;669;142;89;123;122;169;61;107;65;314;149;86
2022-05-25;409;96;83;94;89;121;60;107;47;324;74;61
2022-05-26;0;3;3;0;21;0;46;0;0;0;1;1
2022-05-27;468;163;114;174;84;183;38;89;75;166;146;82
2022-05-28;0;1;11;0;82;95;46;40;0;0;17;9
2022-05-29;0;2;9;0;33;0;25;0;0;0;3;1
2022-05-30;57;237;142;156;56;145;55;136;110;364;132;102
2022-05-31;342;132;114;136;109;149;84;89;63;340;98;71
2022-06-01;90;159;97;107;88;148;73;95;64;467;147;93
2022-06-02;130;103;73;69;61;103;57;84;43;376;96;50
2022-06-03;55;91;64;95;91;108;48;61;53;227;108;56
2022-06-04;0;1;2;2;49;65;36;0;0;0;2;4
2022-06-05;0;1;2;0;8;0;45;0;0;0;11;0
2022-06-06;0;1;8;0;139;0;24;0;0;0;5;3
2022-06-07;67;426;206;306;129;372;78;253;195;342;293;221
2022-06-08;76;212;129;167;165;231;114;173;98;271;172;133
2022-06-09;14;126;161;244;98;243;99;101;120;380;117;80
2022-06-10;71;149;164;224;83;188;82;168;99;218;242;121
2022-06-11;0;1;10;0;51;331;62;2;0;0;6;1
2022-06-12;0;2;25;2;1;0;76;0;0;0;2;0
2022-06-13;151;397;246;365;155;271;78;297;217;114;261;253
2022-06-14;167;266;174;224;272;246;138;204;111;233;160;241
2022-06-15;162;215;165;166;265;226;134;184;113;224;154;128
2022-06-16;129;164;170;151;193;177;110;148;108;241;122;87
2022-06-17;263;418;217;368;240;411;156;182;141;151;284;312
2022-06-18;0;0;7;0;96;415;79;1;0;0;12;0
2022-06-19;0;0;21;0;23;0;50;0;0;0;4;3
2022-06-20;125;505;268;453;279;403;91;276;247;298;265;345
2022-06-21;237;308;210;315;250;477;208;364;164;238;237;220
2022-06-22;297;492;306;417;234;465;193;281;195;246;315;247
2022-06-23;215;335;202;320;278;349;212;199;132;242;277;218
2022-06-24;131;302;157;232;236;355;147;340;124;338;221;265
2022-06-25;0;3;10;2;68;305;66;87;0;0;9;10
2022-06-26;0;3;17;3;11;0;93;0;0;0;18;7
2022-06-27;0;449;398;485;357;297;92;340;312;315;455;270
2022-06-28;23;474;324;379;389;469;143;277;221;293;300;425
2022-06-29;15;82;312;358;369;561;310;169;168;339;402;273
2022-06-30;486;593;231;332;497;462;206;383;206;321;478;281
2022-07-01;148;287;165;231;274;246;145;214;150;380;349;124
2022-07-02;0;3;10;2;157;288;75;2;1;0;7;1
2022-07-03;0;2;3;1;26;46;112;0;0;0;4;2
2022-07-04;120;487;405;644;371;535;115;306;313;272;562;469
2022-07-05;283;674;294;339;330;621;241;404;226;416;252;224
2022-07-06;335;409;392;401;376;492;224;374;242;266;317;386
2022-07-07;188;398;245;243;357;319;112;254;174;502;276;185
2022-07-08;116;453;285;341;211;419;199;220;148;337;342;263
2022-07-09;0;1;17;1;11;276;54;31;0;0;13;0
2022-07-10;0;1;35;1;40;0;75;0;0;0;3;2
2022-07-11;164;500;332;562;474;477;115;242;325;407;396;418
2022-07-12;210;460;249;378;257;624;196;281;250;505;181;190
2022-07-13;354;388;293;294;408;400;240;347;192;408;353;356
2022-07-14;414;315;285;280;376;417;197;378;181;362;345;219
2022-07-15;306;260;213;332;262;405;148;182;159;308;298;203
2022-07-16;0;1;32;0;138;290;82;15;0;0;15;0
2022-07-17;0;4;3;1;39;0;144;0;0;0;6;0
2022-07-18;161;429;376;541;238;335;104;308;318;184;288;415
2022-07-19;127;485;222;381;296;553;225;232;228;299;229;247
2022-07-20;147;490;180;354;316;397;179;289;238;243;220;287
2022-07-21;136;380;156;283;204;320;226;201;189;213;329;196
2022-07-22;122;260;159;283;183;311;157;196;198;196;331;276
2022-07-23;0;3;32;1;113;241;111;1;0;0;2;2
2022-07-24;0;3;6;1;6;0;77;0;1;0;0;1
2022-07-25;129;465;672;492;244;310;63;228;326;156;248;357
2022-07-26;354;337;313;263;287;399;179;262;186;170;348;267
2022-07-27;271;317;210;253;205;275;189;210;209;137;276;224
2022-07-28;280;274;211;248;138;317;134;234;145;209;264;140
2022-07-29;115;237;186;204;128;252;156;146;123;225;160;159
2022-07-30;0;0;18;0;74;203;66;2;0;0;3;0
2022-07-31;0;0;8;0;25;0;61;1;0;0;0;0
2022-08-01;132;413;251;377;238;221;85;211;235;231;256;271
2022-08-02;145;265;230;219;132;301;174;231;166;187;224;228
2022-08-03;105;243;162;234;192;270;162;187;141;314;192;155
2022-08-04;119;202;170;172;106;221;120;131;167;237;180;168
2022-08-05;239;169;105;144;122;250;135;160;101;224;127;96
2022-08-06;0;2;8;0;70;160;77;1;0;0;1;0
2022-08-07;0;0;4;1;31;0;41;1;0;0;1;0
2022-08-08;0;299;248;325;182;211;76;138;228;323;125;216
2022-08-09;284;200;158;200;130;259;140;188;167;366;154;180
2022-08-10;136;189;158;324;127;185;125;237;113;426;142;152
2022-08-11;185;161;117;135;137;201;118;144;104;394;139;125
2022-08-12;98;149;155;182;84;257;89;108;95;279;100;123
2022-08-13;0;3;2;0;62;113;67;0;0;0;2;0
2022-08-14;0;1;2;0;6;0;64;0;0;0;4;0
2022-08-15;99;273;253;271;133;169;71;171;182;342;199;248
2022-08-16;143;174;106;189;145;197;143;135;147;303;119;132
2022-08-17;165;94;166;119;72;157;90;124;84;117;236;102
2022-08-18;175;107;62;141;71;133;70;95;67;87;93;82
2022-08-19;90;86;102;87;67;100;67;73;69;71;90;43
2022-08-20;0;1;5;0;46;74;67;0;0;0;5;0
2022-08-21;0;1;0;0;1;0;17;0;0;0;1;0
2022-08-22;244;89;124;129;68;93;68;92;151;86;120;75
2022-08-23;379;95;129;127;174;292;94;85;125;107;92;40
2022-08-24;413;359;270;393;245;406;131;303;164;327;290;402
2022-08-25;308;168;87;151;104;159;135;163;91;216;233;144
2022-08-26;199;201;113;113;88;231;142;124;93;182;163;114
2022-08-27;0;0;4;1;14;69;78;0;0;0;0;0
2022-08-28;0;0;2;1;0;0;37;0;0;0;0;0
2022-08-29;271;148;92;119;78;90;95;143;142;105;89;86
2022-08-30;348;245;160;184;117;290;99;150;157;112;4;186
2022-08-31;233;151;89;116;89;126;58;114;100;204;36;107
2022-09-01;373;114;72;93;52;119;114;96;76;70;78;90
2022-09-02;238;62;63;130;74;108;94;64;105;76;131;101
2022-09-03;0;0;0;0;65;91;72;6;0;0;2;0
2022-09-04;0;1;1;1;9;0;31;0;0;0;0;0
2022-09-05;142;165;148;159;78;141;55;136;147;133;196;176
2022-09-06;141;142;102;160;112;225;109;73;100;97;178;95
2022-09-07;136;134;88;108;101;193;130;80;103;121;180;127
2022-09-08;124;112;97;85;79;151;86;92;79;166;146;110
2022-09-09;155;78;46;94;61;125;73;83;69;176;115;64
2022-09-10;0;1;3;1;57;125;55;1;0;0;3;0
2022-09-11;0;1;2;1;1;0;35;2;0;0;3;0
2022-09-12;263;213;178;194;109;161;83;118;169;214;133;208
2022-09-13;239;145;118;150;107;257;134;116;101;184;112;124
2022-09-14;131;162;85;128;52;183;94;147;102;102;110;163
2022-09-15;210;116;97;116;109;140;112;60;83;153;149;102
2022-09-16;91;95;60;4;91;156;68;118;62;86;139;95
2022-09-17;0;1;0;1;7;0;55;0;0;0;1;0
2022-09-18;0;0;1;0;0;0;45;0;0;0;1;0
2022-09-19;152;205;145;283;109;282;49;118;171;204;170;203
2022-09-20;222;125;115;165;97;181;133;129;82;140;98;103
2022-09-21;238;132;86;131;86;183;121;141;126;163;119;169
2022-09-22;371;131;86;123;71;158;88;105;85;139;148;94
2022-09-23;126;127;120;128;66;144;87;99;94;154;170;158
2022-09-24;0;2;0;3;89;0;0;0;0;0;1;0
2022-09-25;0;1;3;0;0;17;0;2;0;0;2;0
2022-09-26;255;218;222;265;138;301;137;202;211;213;141;253
2022-09-27;280;198;144;204;165;257;173;198;141;284;215;185
2022-09-28;72;228;174;200;135;286;211;155;171;189;201;234
2022-09-29;147;128;152;158;142;241;116;176;135;0;136;141
2022-09-30;316;231;138;262;102;196;129;149;143;334;223;165
2022-10-01;0;1;0;1;105;0;0;0;0;0;0;0
2022-10-02;0;4;0;2;38;0;1;0;0;0;0;0
2022-10-03;0;4;0;0;57;1;0;0;0;0;0;3
2022-10-04;414;379;386;491;200;535;127;212;309;418;199;290
2022-10-05;158;311;238;353;243;523;293;199;181;309;354;234
2022-10-06;108;257;212;312;233;452;329;194;189;304;344;216
2022-10-07;292;298;233;299;220;420;202;194;188;258;376;289
2022-10-08;0;5;3;1;18;0;0;0;0;0;0;0
2022-10-09;0;6;5;0;18;0;0;0;0;0;2;0
2022-10-10;257;398;375;488;350;630;264;344;288;357;378;321
2022-10-11;324;306;256;372;261;457;330;344;380;396;343;314
2022-10-12;291;241;161;284;186;356;168;351;79;241;288;266
2022-10-13;225;272;263;213;238;305;195;266;315;225;270;221
2022-10-14;241;252;183;283;105;279;180;220;136;221;278;260
2022-10-15;0;8;3;4;163;0;0;0;0;0;15;0
2022-10-16;0;0;4;0;23;0;0;0;0;0;2;0
2022-10-17;270;406;332;426;164;567;239;437;362;375;323;318
2022-10-18;436;341;297;298;310;448;354;371;245;295;305;290
2022-10-19;275;325;202;326;124;362;207;390;204;219;289;335
2022-10-20;213;219;168;251;219;310;252;214;160;214;332;219
2022-10-21;152;184;171;250;150;285;146;134;139;142;392;199
2022-10-22;0;0;6;1;106;0;0;39;0;0;6;0
2022-10-23;0;0;10;1;7;0;0;0;0;0;5;0
2022-10-24;365;333;266;335;154;447;257;225;261;310;257;288
2022-10-25;259;220;182;233;196;346;250;243;157;269;260;279
2022-10-26;308;222;124;236;127;291;148;192;153;189;269;239
2022-10-27;253;179;154;135;104;225;125;155;120;229;167;157
2022-10-28;124;160;112;136;116;182;108;90;96;134;152;151
2022-10-29;0;2;17;1;62;0;0;0;0;0;7;0
2022-10-30;0;0;11;0;0;0;0;0;0;0;2;0
2022-10-31;208;231;191;289;137;362;190;179;208;208;268;209
2022-11-01;98;189;141;173;105;277;165;162;131;169;170;181
2022-11-02;136;149;105;124;80;186;151;142;115;139;109;125
2022-11-03;118;107;97;111;84;140;64;81;87;100;117;135
2022-11-04;221;92;50;127;57;135;78;80;69;98;70;75
2022-11-05;0;1;0;0;64;0;1;1;0;0;0;0
2022-11-06;0;2;0;0;21;0;0;0;0;0;0;0
2022-11-07;253;159;169;198;72;270;123;140;111;186;136;170
2022-11-08;69;145;106;122;97;188;137;121;98;179;131;135
2022-11-09;134;116;108;153;78;157;78;91;71;139;103;136
2022-11-10;144;88;84;72;60;111;70;89;70;106;70;85
2022-11-11;105;57;78;90;72;111;61;65;56;56;83;58
2022-11-12;0;5;0;0;29;0;0;0;0;0;0;0
2022-11-13;0;2;0;1;5;0;0;0;0;0;0;0
2022-11-14;103;157;150;155;88;207;69;96;119;155;174;169
2022-11-15;95;133;125;166;78;157;88;106;75;127;81;116
2022-11-16;73;85;67;3;73;111;58;82;60;76;98;107
2022-11-17;122;89;72;86;56;121;64;67;42;63;142;67
2022-11-18;77;93;75;180;63;119;37;47;46;106;103;86
2022-11-19;0;0;0;0;25;0;0;0;0;0;0;0
2022-11-20;0;1;3;0;2;0;0;0;0;0;0;0
2022-11-21;84;163;146;166;125;209;75;95;124;119;153;141
2022-11-22;45;86;85;113;71;159;94;148;56;120;83;89
2022-11-23;43;106;106;130;89;198;60;86;71;99;120;95
2022-11-24;106;129;103;103;70;132;43;96;85;104;100;93
2022-11-25;120;74;72;131;93;136;47;81;61;59;106;82
2022-11-26;0;2;0;0;17;0;1;0;0;0;0;0
2022-11-27;0;1;0;0;1;0;0;0;0;0;0;0
2022-11-28;156;214;184;253;149;307;108;151;212;188;224;183
2022-11-29;177;194;159;205;138;252;109;135;120;145;135;145
2022-11-30;95;183;97;124;113;205;109;149;120;93;146;197
2022-12-01;101;151;117;113;91;199;72;150;99;103;156;107
2022-12-02;84;123;117;196;109;175;87;102;108;110;134;132
2022-12-03;0;0;0;0;14;0;1;0;0;0;2;1
2022-12-04;0;0;0;0;6;0;0;0;0;0;0;0
2022-12-05;55;239;215;294;153;309;85;170;190;191;212;214
2022-12-06;237;179;129;187;92;279;117;143;25;197;213;152
2022-12-07;154;175;150;140;71;228;118;115;208;137;130;149
2022-12-08;43;157;149;136;44;180;121;132;118;134;160;115
2022-12-09;257;134;104;163;145;213;60;39;153;99;123;63
2022-12-10;0;0;0;0;0;0;29;0;0;0;1;1
2022-12-11;0;0;0;0;0;0;0;0;0;0;1;0
2022-12-12;135;298;271;352;116;165;108;241;275;202;276;166
2022-12-13;215;147;174;218;293;311;140;145;133;176;171;169
2022-12-14;184;270;190;262;137;333;115;185;146;221;133;121
2022-12-15;212;182;133;109;115;318;162;76;150;167;174;176
2022-12-16;124;135;93;191;102;182;101;99;113;145;185;106
2022-12-17;0;0;2;1;4;0;17;0;0;0;1;0
2022-12-18;0;2;1;0;0;0;0;0;0;0;0;0
2022-12-19;136;128;232;303;161;272;122;166;228;231;231;207
2022-12-20;102;554;180;198;171;284;169;235;142;232;206;137
2022-12-21;60;208;155;183;123;237;109;217;141;140;149;139
2022-12-22;132;179;161;147;133;209;127;141;97;148;164;92
2022-12-23;107;181;125;153;133;222;85;93;106;122;104;94
2022-12-24;0;0;0;2;0;0;0;0;0;0;0;0
2022-12-25;0;0;1;0;0;0;0;0;0;0;0;0
2022-12-26;0;0;2;0;0;0;0;0;0;0;0;0
2022-12-27;225;444;227;349;161;331;157;192;256;257;194;154
2022-12-28;150;172;95;129;130;170;119;122;113;143;171;135
2022-12-29;128;112;84;130;54;186;83;118;101;116;170;109
2022-12-30;147;91;75;103;71;142;45;63;56;76;109;88
2022-12-31;0;0;2;0;0;0;0;0;0;0;1;0
2023-01-01;0;0;0;0;0;0;0;0;0;0;0;0
2023-01-02;25;175;118;152;111;171;76;110;136;137;136;121
2023-01-03;130;139;84;127;72;147;89;98;74;93;131;54
2023-01-04;132;88;82;96;55;122;69;59;86;81;107;84
2023-01-05;137;96;53;81;75;97;59;52;56;71;73;60
2023-01-06;101;85;63;47;45;90;42;36;31;42;44;65
2023-01-07;0;0;2;0;0;0;0;0;0;0;0;0
2023-01-08;0;0;0;0;0;0;0;0;0;0;0;0
2023-01-09;58;97;89;120;82;132;83;111;71;105;85;78
2023-01-10;62;56;42;50;31;76;45;31;45;32;48;57
2023-01-11;66;84;46;55;71;56;34;47;41;74;60;49
2023-01-12;25;59;49;41;36;79;28;40;27;21;44;43
2023-01-13;31;30;36;31;30;50;17;32;23;19;28;33
2023-01-14;0;0;0;1;0;0;12;0;0;0;0;0
2023-01-15;0;0;0;0;0;0;0;0;0;0;0;0
2023-01-16;54;98;42;79;47;86;24;68;38;60;55;61
2023-01-17;39;43;49;58;29;54;38;31;33;51;49;34
2023-01-18;42;59;26;42;41;55;25;30;43;34;27;26
2023-01-19;27;45;35;19;17;37;18;11;21;24;12;35
2023-01-20;36;48;23;35;32;52;27;24;22;28;40;42
2023-01-21;0;0;1;0;0;0;0;0;0;0;0;0
2023-01-22;0;0;0;0;0;0;0;0;0;0;0;0
2023-01-23;57;48;38;66;46;52;38;42;49;47;37;44
2023-01-24;25;61;49;50;28;40;35;24;45;55;39;19
2023-01-25;30;46;21;31;22;32;35;30;24;23;35;39
2023-01-26;29;49;32;36;27;55;14;17;34;44;46;34
2023-01-27;30;29;27;32;16;39;34;21;29;22;30;28
2023-01-28;0;0;5;0;0;0;0;0;0;0;0;0
2023-01-29;0;0;13;0;0;0;0;0;0;0;0;0
2023-01-30;37;54;27;51;45;71;31;37;48;43;48;42
2023-01-31;40;47;36;46;26;71;45;50;40;46;77;43
2023-02-01;53;44;28;42;34;46;19;25;26;40;39;23
2023-02-02;23;37;20;33;26;35;14;26;20;30;25;29
2023-02-03;24;44;21;30;19;36;26;15;33;27;32;56
2023-02-04;0;0;0;0;0;0;0;0;0;0;0;0
2023-02-05;0;0;1;0;0;0;0;0;0;0;0;0
2023-02-06;29;60;45;56;56;54;40;44;48;39;43;40
2023-02-07;32;81;43;54;24;64;38;23;34;35;46;19
2023-02-08;29;68;25;44;50;50;27;40;58;50;33;40
2023-02-09;40;43;28;37;33;41;19;19;22;0;26;37
2023-02-10;28;59;29;81;40;33;25;22;40;55;38;43
2023-02-11;0;0;2;0;0;0;12;0;0;0;0;0
2023-02-12;0;0;1;0;0;0;1;0;0;0;0;0
2023-02-13;47;128;62;67;50;80;25;71;68;50;67;68
2023-02-14;14;41;35;54;42;62;62;21;18;38;48;27
2023-02-15;25;95;44;65;28;65;36;31;35;28;44;51
2023-02-16;49;72;28;42;35;52;18;23;30;24;22;27
2023-02-17;39;63;42;47;20;34;30;34;24;18;32;26
2023-02-18;0;0;3;0;0;0;0;0;0;0;0;0
2023-02-19;0;0;4;0;0;0;0;0;0;0;0;0
2023-02-20;34;103;59;65;66;60;57;53;49;42;54;41
2023-02-21;22;80;25;56;42;85;38;59;32;56;77;41
2023-02-22;54;56;56;41;35;62;34;32;36;32;42;32
2023-02-23;29;102;50;41;32;54;30;40;34;31;41;29
2023-02-24;24;77;32;38;36;55;34;31;28;43;42;43
2023-02-25;0;0;5;1;0;0;0;0;0;0;0;0
2023-02-26;0;0;2;0;0;0;1;0;0;0;0;0
2023-02-27;30;99;50;89;62;95;54;44;41;51;66;56
2023-02-28;46;104;55;59;54;77;37;40;52;43;71;53
2023-03-01;27;68;51;52;37;62;43;45;27;47;57;21
2023-03-02;15;73;17;31;40;42;13;22;17;13;26;31
2023-03-03;8;25;18;21;28;21;19;5;6;7;17;9
2023-03-04;0;0;7;0;0;0;11;0;0;0;0;0
2023-03-05;0;0;11;0;0;0;0;0;0;0;0;0
2023-03-06;21;61;19;30;30;55;20;34;23;22;22;19
2023-03-07;19;81;41;23;16;27;21;39;33;4;23;20
2023-03-08;0;0;0;0;0;0;0;0;0;0;0;0
2023-03-09;30;53;55;53;33;81;40;26;27;38;34;41
2023-03-10;11;88;29;34;25;24;41;22;29;19;27;0
2023-03-11;0;0;21;0;0;0;1;0;0;0;0;0
2023-03-12;0;0;9;0;0;0;0;0;0;0;0;0
2023-03-13;28;73;22;49;28;48;45;57;41;29;53;58
2023-03-14;27;86;34;32;39;42;53;37;30;22;21;24
2023-03-15;14;47;22;21;8;56;12;33;17;29;20;23
2023-03-16;22;64;32;27;35;28;33;35;24;13;19;22
2023-03-17;33;28;27;30;21;44;32;38;25;14;9;35
2023-03-18;0;0;0;0;0;0;0;0;0;0;0;0
2023-03-19;0;0;0;0;0;0;0;0;0;0;0;0
2023-03-20;26;68;47;45;29;59;45;36;48;46;58;39
2023-03-21;18;51;50;35;33;21;61;40;25;25;27;40
2023-03-22;37;29;43;23;22;33;18;15;12;30;29;24
2023-03-23;22;44;22;29;35;54;11;29;13;19;22;17
2023-03-24;22;27;25;31;35;28;27;22;14;27;16;11
2023-03-25;0;0;3;0;0;0;0;0;0;0;0;0
2023-03-26;0;0;9;0;0;0;0;0;0;0;0;0
2023-03-27;28;53;21;35;24;42;28;30;25;39;29;44
2023-03-28;18;48;22;26;19;37;17;27;19;13;16;28
2023-03-29;18;38;23;12;13;6;22;24;15;18;17;29
2023-03-30;15;14;15;23;8;17;7;28;15;22;13;12
2023-03-31;3;18;19;14;9;21;11;7;8;8;11;5
2023-04-01;0;0;0;0;0;0;0;0;0;0;0;0
2023-04-02;0;0;0;0;0;0;0;0;0;0;0;0
2023-04-03;17;29;21;29;13;27;22;41;20;18;40;0
2023-04-04;16;53;16;24;8;11;18;25;20;21;11;0
2023-04-05;4;22;19;9;11;31;20;17;18;18;19;0
2023-04-06;8;35;13;18;12;14;13;16;10;11;8;24
2023-04-07;0;17;0;0;0;0;0;0;0;0;0;0
2023-04-08;0;1;0;0;0;0;0;0;0;0;0;0
2023-04-09;0;0;0;0;0;0;0;0;0;0;0;0
2023-04-10;0;7;1;0;0;0;0;0;0;0;0;0
2023-04-11;26;13;28;32;20;25;25;23;18;24;42;17
2023-04-12;15;36;8;4;7;9;12;22;6;17;8;33
2023-04-13;13;22;11;14;0;9;17;5;9;19;15;37
2023-04-14;3;7;7;7;12;20;7;10;9;2;25;9
2023-04-15;0;0;0;0;0;0;0;0;0;0;0;0
2023-04-16;0;0;0;0;0;0;0;0;0;0;0;0
2023-04-17;21;18;15;15;10;12;18;11;7;22;22;24
2023-04-18;13;19;14;14;10;29;9;14;8;8;18;38
2023-04-19;20;16;0;6;10;19;5;21;6;10;8;9
2023-04-20;8;20;10;8;1;21;9;8;8;5;0;12
2023-04-21;6;7;1;7;5;9;5;5;5;12;14;10
2023-04-22;0;0;0;0;0;0;0;0;0;0;0;0
2023-04-23;0;0;0;0;5;0;0;0;0;0;0;0
2023-04-24;11;5;9;13;4;9;6;12;8;9;14;12
2023-04-25;3;20;9;9;16;23;2;8;17;5;6;6
2023-04-26;14;11;6;5;8;16;13;5;2;8;5;11
2023-04-27;5;7;10;14;4;5;9;5;4;3;8;3
2023-04-28;7;5;0;4;7;12;3;3;4;1;7;2
2023-04-29;0;0;0;0;0;0;0;0;0;0;0;0
2023-04-30;0;0;0;0;0;0;0;0;0;0;0;0
2023-05-01;0;7;0;0;0;0;0;0;0;0;0;0
2023-05-02;10;2;12;11;9;12;2;10;10;8;9;11
2023-05-03;6;13;4;3;6;11;11;6;1;9;2;3
2023-05-04;7;15;5;3;4;13;6;8;8;7;13;4
2023-05-05;3;6;7;5;5;4;13;8;1;2;10;3
2023-05-06;0;0;0;0;0;0;0;0;0;0;0;0
2023-05-07;0;0;0;0;0;0;0;0;0;0;0;0
2023-05-08;7;19;13;12;5;0;5;10;6;6;13;10
2023-05-09;2;8;8;10;6;16;7;12;5;6;2;4
2023-05-10;6;7;5;8;10;8;5;15;5;3;8;5
2023-05-11;2;19;4;8;3;2;2;4;2;0;12;7
2023-05-12;4;13;5;4;5;9;2;4;3;7;3;12
2023-05-13;0;0;0;0;0;0;0;0;0;0;0;0
2023-05-14;0;0;0;0;0;0;0;0;0;0;0;0
2023-05-15;1;13;6;9;5;4;9;6;3;9;12;8
2023-05-16;5;13;9;3;6;5;7;6;1;9;2;0
2023-05-17;7;4;2;4;5;5;1;3;6;2;7;11
2023-05-18;0;0;0;0;0;0;0;0;0;0;0;0
2023-05-19;2;11;3;4;9;4;3;5;0;6;1;3
2023-05-20;0;0;0;0;0;2;0;0;0;0;0;0
2023-05-21;0;0;0;0;0;0;0;0;0;0;0;0
2023-05-22;3;15;12;9;4;15;5;11;2;2;13;6
2023-05-23;4;3;8;8;5;5;5;5;2;11;2;2
2023-05-24;2;1;4;3;3;4;1;9;2;5;4;7
2023-05-25;0;3;1;1;0;1;0;6;2;2;1;3
2023-05-26;0;4;2;5;3;10;1;5;0;1;7;1
2023-05-27;0;0;0;0;0;0;0;0;0;0;0;0
2023-05-28;0;0;0;0;0;0;0;0;0;0;0;0
2023-05-29;0;0;0;0;0;0;0;0;0;0;0;0
2023-05-30;4;14;6;6;1;2;2;5;4;2;9;3
2023-05-31;0;6;2;1;1;5;1;4;1;4;5;0
2023-06-01;2;4;0;2;3;5;1;0;1;1;6;4
2023-06-02;0;0;3;1;0;6;1;0;0;4;2;1
2023-06-03;0;0;0;0;0;0;0;0;0;0;0;0
2023-06-04;0;0;0;0;0;0;0;0;0;0;0;0
2023-06-05;12;5;0;0;2;3;5;0;5;2;4;3
2023-06-06;0;0;1;2;2;2;1;3;1;3;0;0
2023-06-07;2;14;0;3;2;6;4;1;1;0;1;0
2023-06-08;0;2;3;3;1;0;5;1;0;2;4;3
2023-06-09;3;3;3;3;2;0;2;9;0;2;2;1
2023-06-10;0;0;0;0;0;0;0;0;0;0;0;0
2023-06-11;0;0;0;0;0;0;0;0;0;0;0;0
2023-06-12;4;5;1;2;1;10;3;5;4;1;8;0
2023-06-13;0;6;3;2;3;2;1;1;0;3;2;0
2023-06-14;0;5;0;1;0;4;1;2;4;0;3;0
2023-06-15;0;0;3;1;2;1;0;16;0;0;2;0
2023-06-16;6;4;0;2;1;1;0;3;1;1;1;21
2023-06-17;0;0;0;0;0;0;0;0;0;0;0;0
2023-06-18;0;0;0;0;0;0;0;0;0;0;0;0
2023-06-19;4;13;3;4;1;3;1;18;5;2;24;3
2023-06-20;0;4;0;0;2;6;0;2;1;1;3;3
2023-06-21;0;1;0;1;3;2;0;1;2;1;3;0
2023-06-22;0;1;3;4;2;0;0;1;1;1;1;0
2023-06-23;5;2;1;0;0;2;1;6;0;1;1;0
2023-06-24;0;0;0;0;0;0;0;0;0;0;0;0
2023-06-25;0;0;0;0;0;0;0;0;0;0;0;0
2023-06-26;1;0;1;3;1;1;4;0;1;3;1;0
2023-06-27;0;2;0;2;3;0;1;2;0;1;0;1
2023-06-28;0;2;2;1;1;3;0;1;0;0;2;8
2023-06-29;0;1;1;0;0;0;0;1;1;1;1;0
2023-06-30;1;1;0;0;1;0;2;0;0;4;0;0
2023-07-01;0;0;0;0;0;0;0;0;0;0;0;0
2023-07-02;0;0;0;0;0;0;0;0;0;0;0;0
2023-07-03;1;3;1;7;2;3;0;1;28;2;2;0
2023-07-04;0;2;0;6;0;1;0;2;0;0;3;0
2023-07-05;2;2;4;1;0;1;0;0;0;0;0;2
2023-07-06;0;1;1;0;0;1;0;2;1;2;0;1
2023-07-07;2;5;0;0;0;0;0;1;0;0;2;0
2023-07-08;0;0;0;0;0;0;0;0;0;0;0;0
2023-07-09;0;0;0;0;0;0;0;0;0;0;0;0
2023-07-10;0;2;0;2;1;5;0;2;0;1;2;0
2023-07-11;0;1;2;5;0;4;1;0;0;0;0;3
2023-07-12;1;1;0;2;2;2;0;2;2;0;1;0
2023-07-13;3;1;2;0;0;3;1;3;0;0;0;0
2023-07-14;0;3;3;1;0;2;1;2;0;0;2;1
2023-07-15;0;0;0;0;0;0;0;0;0;0;0;0
2023-07-16;0;0;0;0;0;0;0;0;0;0;0;0
2023-07-17;0;3;1;2;2;2;1;3;1;1;0;0
2023-07-18;0;2;1;1;0;3;2;1;1;0;5;0
2023-07-19;1;3;3;1;2;2;2;4;0;0;1;3
2023-07-20;1;15;1;3;2;2;0;2;0;0;1;2
2023-07-21;0;3;0;1;0;3;1;1;1;0;0;0
2023-07-22;0;0;0;0;0;0;0;0;0;0;0;0
2023-07-23;0;0;0;0;0;0;0;0;0;0;0;0
2023-07-24;2;9;3;1;0;5;1;1;3;2;1;2
2023-07-25;2;2;4;1;5;4;3;0;4;1;1;5
2023-07-26;2;2;0;0;1;3;1;2;1;0;1;7
2023-07-27;1;2;0;0;0;4;1;1;0;1;0;3
2023-07-28;0;0;0;0;0;5;1;5;3;3;1;0
2023-07-29;0;0;0;0;0;0;0;0;0;0;0;0
2023-07-30;0;4;0;0;0;0;0;0;0;0;0;0
2023-07-31;0;3;5;0;1;1;2;3;1;2;4;1
2023-08-01;2;4;1;2;4;13;1;2;0;1;3;2
2023-08-02;0;5;0;1;1;3;1;5;2;1;2;1
2023-08-03;0;4;1;1;0;5;1;3;0;0;0;4
2023-08-04;3;4;1;3;0;5;1;4;1;4;1;0
2023-08-05;0;0;0;0;0;0;0;0;0;0;0;0
2023-08-06;0;0;0;0;0;0;0;0;0;0;0;0
2023-08-07;1;4;3;1;3;4;0;4;1;2;3;2
2023-08-08;2;3;1;4;3;3;1;2;1;3;1;1
2023-08-09;0;1;3;2;0;1;0;1;1;1;0;2
2023-08-10;2;2;0;2;1;4;0;3;0;2;4;1
2023-08-11;1;1;0;2;0;2;0;4;0;0;0;0
2023-08-12;0;0;0;0;0;0;0;0;0;0;0;0
2023-08-13;0;0;0;0;0;0;0;0;0;0;0;0
2023-08-14;6;0;2;5;3;6;2;7;3;3;3;4
2023-08-15;1;3;0;4;1;1;4;2;1;1;1;7
2023-08-16;2;6;8;4;1;3;0;0;2;4;6;6
2023-08-17;1;0;1;2;2;7;7;3;0;1;0;1
2023-08-18;7;6;5;0;2;6;2;2;5;2;4;4
2023-08-19;0;0;0;0;0;0;0;0;0;0;0;0
2023-08-20;0;0;0;0;0;0;0;0;0;0;0;0
2023-08-21;5;0;3;6;3;6;1;5;4;0;4;6
2023-08-22;2;4;4;2;0;1;1;4;1;5;2;6
2023-08-23;3;4;2;2;0;3;0;1;2;1;0;2
2023-08-24;1;1;2;2;1;3;0;14;3;1;6;1
2023-08-25;2;5;3;2;2;6;1;5;3;2;3;3
2023-08-26;0;0;0;0;0;0;0;0;0;0;0;0
2023-08-27;0;0;0;0;0;0;0;0;0;0;0;0
2023-08-28;2;5;7;3;6;12;1;11;4;3;1;6
2023-08-29;1;8;7;1;8;2;4;3;2;4;2;1
2023-08-30;4;2;3;3;5;2;1;3;4;1;5;3
2023-08-31;3;4;5;1;6;9;6;4;7;0;4;5
2023-09-01;1;1;3;3;3;1;2;2;1;5;1;0
2023-09-02;0;0;0;0;0;0;0;0;0;0;0;0
2023-09-03;0;0;0;0;0;0;0;0;0;0;0;0
2023-09-04;2;11;0;2;6;9;7;6;4;5;7;6
2023-09-05;1;33;7;4;3;10;6;10;6;6;2;7
2023-09-06;0;7;4;6;4;7;3;8;1;6;9;5
2023-09-07;8;7;5;1;7;6;8;5;4;6;5;10
2023-09-08;3;15;5;3;2;5;1;10;4;2;2;6
2023-09-09;0;0;0;0;0;0;0;0;0;0;0;0
2023-09-10;0;0;0;0;0;0;0;0;0;0;0;0
2023-09-11;11;14;4;11;8;15;5;10;8;7;8;10
2023-09-12;4;16;5;9;3;17;5;7;4;8;3;9
2023-09-13;4;17;3;6;4;13;13;5;6;3;5;7
2023-09-14;9;5;4;1;4;7;8;3;2;4;5;4
2023-09-15;2;14;6;2;2;7;4;6;6;0;0;2
2023-09-16;0;0;0;0;0;0;0;0;0;0;0;0
2023-09-17;0;0;0;0;0;0;0;0;0;0;0;0
2023-09-18;11;21;7;8;0;5;11;9;13;5;23;3
2023-09-19;9;20;9;8;7;1;2;8;1;5;5;1
2023-09-20;2;20;5;7;4;17;9;6;2;6;4;5
2023-09-21;5;7;5;7;1;7;7;3;4;2;10;3
2023-09-22;0;11;5;2;1;4;5;6;2;4;5;5
2023-09-23;0;0;0;0;0;0;0;0;0;0;0;0
2023-09-24;0;0;0;0;0;0;0;0;0;0;0;0
2023-09-25;10;8;1;2;3;14;9;8;2;4;6;5
2023-09-26;3;15;0;6;2;7;6;6;7;1;0;5
2023-09-27;17;1;15;6;2;10;7;9;0;9;12;0
2023-09-28;2;35;2;6;8;10;2;2;4;4;5;17
2023-09-29;3;7;7;2;3;15;10;4;5;3;6;7
2023-09-30;0;0;0;0;0;0;0;0;0;0;0;0
2023-10-01;0;0;0;0;0;0;0;0;0;0;0;0
2023-10-02;12;27;7;4;7;5;8;4;10;11;8;11
2023-10-03;0;0;0;0;0;0;0;0;0;0;0;0
2023-10-04;5;8;20;12;6;16;8;9;12;6;0;5
2023-10-05;12;8;6;4;10;10;8;5;9;9;9;7
2023-10-06;8;5;4;7;10;11;7;3;7;4;8;3
2023-10-07;0;0;0;0;0;0;0;0;0;0;0;0
2023-10-08;0;0;0;0;0;0;0;0;0;0;0;0
2023-10-09;14;16;9;9;5;15;2;6;9;14;7;2
2023-10-10;5;16;13;7;4;17;0;8;11;4;4;21
2023-10-11;10;13;6;6;8;12;22;5;13;10;9;0
2023-10-12;8;20;4;6;2;12;6;8;13;4;9;0
2023-10-13;4;16;9;8;4;7;9;9;6;5;9;18
2023-10-14;0;0;0;0;0;0;0;0;0;0;0;0
2023-10-15;0;6;0;0;0;0;0;0;0;0;0;0
2023-10-16;20;5;8;8;7;10;6;11;8;13;13;11
2023-10-17;0;11;8;11;2;9;10;17;5;6;4;0
2023-10-18;0;6;10;5;5;7;8;7;6;9;9;12
2023-10-19;11;12;0;4;3;12;8;7;10;9;3;4
2023-10-20;5;12;13;12;2;6;8;14;8;6;8;9
2023-10-21;0;0;0;0;0;0;0;0;0;0;0;0
2023-10-22;0;0;0;0;0;0;0;0;0;0;0;0
2023-10-23;10;52;9;20;11;14;8;17;11;9;18;10
2023-10-24;12;23;11;22;6;9;22;11;10;15;7;12
2023-10-25;13;14;9;7;10;9;25;20;9;13;13;16
2023-10-26;14;20;11;12;3;13;20;30;10;13;23;12
2023-10-27;9;43;9;9;2;8;13;17;9;11;9;1
2023-10-28;0;0;0;0;0;0;0;0;0;0;0;0
2023-10-29;0;14;0;0;0;0;0;0;0;0;0;0
2023-10-30;30;30;22;21;9;19;25;33;16;27;13;46
2023-10-31;31;13;11;8;10;29;32;23;33;25;18;19
2023-11-01;13;12;10;13;2;26;22;17;11;16;20;9
2023-11-02;10;20;16;10;4;13;10;13;19;5;22;23
2023-11-03;33;29;6;6;7;16;15;11;12;7;7;19
2023-11-04;0;0;0;0;0;0;0;0;0;0;0;0
2023-11-05;0;0;0;0;0;0;0;0;0;0;0;0
2023-11-06;27;40;12;19;14;14;18;17;26;21;26;16
2023-11-07;13;36;15;21;11;13;16;4;25;16;20;24
2023-11-08;11;45;24;18;16;36;13;20;32;25;28;36
2023-11-09;20;33;12;15;12;20;19;21;18;11;8;8
2023-11-10;5;16;3;11;4;22;12;27;17;9;10;18
2023-11-11;0;0;0;11;0;0;0;0;0;0;0;0
2023-11-12;0;0;0;0;0;0;0;0;0;0;0;0
2023-11-13;58;27;38;13;6;33;17;30;31;14;30;43
2023-11-14;14;40;13;21;18;17;17;19;36;15;9;22
2023-11-15;16;39;11;15;10;25;16;25;16;21;0;19
2023-11-16;20;16;10;18;5;26;29;10;18;25;41;16
2023-11-17;16;34;12;18;3;12;11;16;19;5;11;17
2023-11-18;0;0;0;0;0;0;0;0;0;0;0;0
2023-11-19;0;0;0;0;0;0;0;0;0;0;0;0
2023-11-20;19;53;23;27;17;48;31;33;38;27;25;19
2023-11-21;12;51;19;15;12;44;18;28;38;39;23;41
2023-11-22;29;30;7;14;5;49;18;19;30;32;26;30
2023-11-23;26;24;5;9;7;16;19;8;29;17;14;12
2023-11-24;32;35;12;8;14;27;17;19;12;13;10;23
2023-11-25;0;0;0;0;0;0;0;0;0;0;0;0
2023-11-26;0;0;0;0;0;0;0;0;0;0;0;0
2023-11-27;39;41;24;17;20;29;16;23;19;27;35;49
2023-11-28;22;30;17;23;18;45;15;20;21;42;13;26
2023-11-29;42;26;8;17;18;42;37;22;16;17;20;25
2023-11-30;26;40;13;14;5;31;14;14;34;21;17;24
2023-12-01;13;30;0;7;14;24;10;20;33;10;5;16
2023-12-02;0;0;0;0;0;0;0;0;0;0;0;0
2023-12-03;0;0;0;0;0;0;0;0;0;0;0;0
2023-12-04;31;58;30;26;17;28;27;18;19;28;28;41
2023-12-05;15;94;0;37;15;30;25;23;40;45;13;32
2023-12-06;56;94;0;30;15;64;23;41;34;50;32;44
2023-12-07;8;42;11;20;19;29;50;32;20;18;10;20
2023-12-08;71;55;51;18;30;15;26;26;21;34;13;25
2023-12-09;0;0;0;0;0;0;0;0;0;0;0;0
2023-12-10;0;0;0;0;0;0;0;0;0;0;0;0
2023-12-11;50;12;28;27;24;57;20;39;59;46;47;37
2023-12-12;45;54;17;22;13;66;18;37;27;48;10;27
2023-12-13;45;62;21;32;34;40;22;40;18;45;31;30
2023-12-14;37;100;19;11;24;44;14;27;53;16;35;14
2023-12-15;18;32;0;13;19;28;18;0;40;12;17;35
2023-12-16;0;0;0;0;0;0;0;0;0;0;0;0
2023-12-17;0;0;0;0;0;0;0;0;0;0;0;0
2023-12-18;61;0;0;18;2;34;21;75;26;0;34;61
